Protein,log2FC,pval,adjpval,Proteinnoiso,Gene Symbol,# PSMs,PSM Cutoff
O95478,0.613537152,0.244748449,0.475202472,O95478,NSA2,1,5
P82650,0.355083789,0.13869609,0.351552914,P82650,MRPS22,1,
Q86UP3,-0.571427529,0.148405907,0.364463515,Q86UP3,ZFHX4,3,
Q5T8D3,0.886291822,0.000349365,0.007214908,Q5T8D3,ACBD5,4,
Q15061,-0.342263018,0.792474821,0.879595424,Q15061,WDR43,2,
O75934,0.077231841,0.9000004,0.94872432,O75934,BCAS2,9,
A0A075B6S5,0.491883688,0.552953579,0.723422002,A0A075B6S5,IGKV1-27,1,
P35908,1.047728848,0.042993614,0.181164041,P35908,KRT2,10,
P07305,-0.502478287,0.245393987,0.4757781,P07305,H1F0,6,
P68431,0.231066282,0.248047931,0.47820273,P68431,HIST1H3A,25,
Q9BQ39,0.036989565,0.515935837,0.696781632,Q9BQ39,DDX50,4,
O43264,1.295074835,0.050470071,0.202008143,O43264,ZW10,1,
P60891,0.60845178,0.006993494,0.059106651,P60891,PRPS1,2,
P47755,-0.266453845,0.278659322,0.507932433,P47755,CAPZA2,2,
Q12788,-0.049772528,0.809173472,0.891027015,Q12788,TBL3,4,
Q5SY16,-0.945249607,0.441508821,0.646376502,Q5SY16,NOL9,1,
P13639,0.457360461,0.000411139,0.008240917,P13639,EEF2,17,
Q01105,0.348655869,0.217964448,0.446074389,Q01105,SET,2,
Q5UIP0,-0.627149664,3.72062E-07,2.5356E-05,Q5UIP0,RIF1,57,
Q9UL25,0.837824617,0.134954244,0.344461862,Q9UL25,RAB21,1,
Q13601,-0.228031292,0.086266383,0.264447354,Q13601,KRR1,1,
Q92968,0.519583951,0.827142498,0.900861526,Q92968,PEX13,1,
O75947,0.458168489,0.259512265,0.488546088,O75947,ATP5PD,1,
Q969T4,0.58219278,0.251758269,0.480080163,Q969T4,UBE2E3,1,
Q01081,0.176856488,0.871603752,0.932134165,Q01081,U2AF1,6,
Q9Y676,0.018115068,0.845236908,0.912159862,Q9Y676,MRPS18B,2,
P61981,0.292874395,0.481575844,0.673909523,P61981,YWHAG,6,
Q93009,0.708526327,0.070545588,0.23169551,Q93009,USP7,3,
P62899,0.144893003,0.024131854,0.125601207,P62899,RPL31,10,
Q9NS91,0.479473682,0.210155474,0.437984573,Q9NS91,RAD18,1,
Q6PL18,-0.363869245,0.001451483,0.020824963,Q6PL18,ATAD2,4,
Q6P161,0.113578419,0.280157251,0.509334306,Q6P161,MRPL54,1,
Q8TBA6,0.973104718,9.80394E-14,4.45425E-11,Q8TBA6,GOLGA5,84,
Q13151,-0.06002723,0.674966181,0.809840586,Q13151,HNRNPA0,13,
Q15007,0.195566952,0.142216537,0.355659013,Q15007,WTAP,8,
Q96BK5,-0.256323352,0.318514064,0.541990848,Q96BK5,PINX1,1,
Q8NI27,-0.188666497,0.244536687,0.475202472,Q8NI27,THOC2,30,
Q9Y3A6,0.37832795,0.367711134,0.584039963,Q9Y3A6,TMED5,1,
P10242,3.850174993,2.42804E-11,4.40003E-09,P10242,MYB,40,
Q96CW1,0.290689981,0.410084804,0.621741477,Q96CW1,AP2M1,1,
P48651,0.025436384,0.881200065,0.939074033,P48651,PTDSS1,1,
O94901,-0.031111928,0.418888116,0.630654764,O94901,SUN1,3,
Q9H2P0,0.14128317,0.083734466,0.25879836,Q9H2P0,ADNP,9,
Q07157-2,0.649844225,0.000272422,0.005898585,Q07157,TJP1,10,
Q7Z3K3,-0.05208761,0.791752346,0.879509737,Q7Z3K3,POGZ,2,
P33993,-0.044130767,0.769772726,0.866391598,P33993,MCM7,2,
Q8WUA2,0.138951359,0.797312906,0.881926715,Q8WUA2,PPIL4,1,
P83731,0.285765533,0.020191343,0.113722318,P83731,RPL24,10,
O75390,0.770608516,0.002134096,0.027944225,O75390,CS,3,
Q07666,0.052049096,0.324652846,0.547710666,Q07666,KHDRBS1,13,
P38646,0.370009112,0.005032129,0.050432297,P38646,HSPA9,30,
P36873,-0.080089951,0.877095834,0.935431629,P36873,PPP1CC,9,
P14625,0.755899253,0.007295691,0.059714383,P14625,HSP90B1,4,
P20839,-0.235274839,0.749853182,0.851186316,P20839,IMPDH1,4,
Q92504,0.601565403,0.03673931,0.167352901,Q92504,SLC39A7,1,
Q00839,-0.079130433,0.899963085,0.94872432,Q00839,HNRNPU,63,
P21281,0.376082306,0.270294644,0.499202709,P21281,ATP6V1B2,1,
O60716,0.664860878,0.373156567,0.587854177,O60716,CTNND1,1,
Q00577,0.168535969,0.742940253,0.847387083,Q00577,PURA,2,
P62491,1.287792196,0.051201343,0.202008143,P62491,RAB11A,1,
Q14684,0.086852744,0.850366441,0.916244632,Q14684,RRP1B,5,
Q14974,0.493672007,0.005599068,0.05406919,Q14974,KPNB1,8,
P60842,0.461457644,0.11070509,0.302386848,P60842,EIF4A1,8,
Q7L7L0,-0.486885591,0.736480126,0.842839976,Q7L7L0,HIST3H2A,18,
Q96GQ7,0.056825394,0.7279114,0.837155759,Q96GQ7,DDX27,2,
Q9NYF8-3,-0.073536172,0.725896645,0.837041088,Q9NYF8,BCLAF1,50,
O94776,0.08405549,0.794411434,0.880311206,O94776,MTA2,3,
Q9Y3C6,-0.065323672,0.949606495,0.975910513,Q9Y3C6,PPIL1,5,
P26641,0.543083403,0.020065816,0.113484262,P26641,EEF1G,11,
P98175,-0.077645944,0.684665046,0.81786946,P98175,RBM10,4,
Q9Y333,-0.114836115,0.472144358,0.667565104,Q9Y333,LSM2,1,
Q96N46,0.196275364,0.66138551,0.801938528,Q96N46,TTC14,1,
Q8TBF4,0.133551807,0.341782206,0.564665632,Q8TBF4,ZCRB1,1,
Q8TDN6,0.309974492,0.68704921,0.81786946,Q8TDN6,BRIX1,2,
P78527,-0.797723857,8.02157E-10,1.09334E-07,P78527,PRKDC,212,
O43866,0.804427181,0.064335626,0.219773078,O43866,CD5L,1,
Q99590,0.572561307,0.010561402,0.073373901,Q99590,SCAF11,1,
P35613,0.196413654,0.130338281,0.336460373,P35613,BSG,3,
P62081,-0.165622865,0.429721817,0.638725012,P62081,RPS7,10,
Q9Y5B6,0.218784497,0.211223278,0.43819989,Q9Y5B6,PAXBP1,5,
O75915,0.273206871,0.704292599,0.824552906,O75915,ARL6IP5,1,
Q13310-3,0.519846293,0.000105745,0.002826093,Q13310,PABPC4,26,
P55081,-0.285771594,0.010759064,0.074063655,P55081,MFAP1,3,
P62308,0.366937217,0.268468307,0.497177042,P62308,SNRPG,2,
Q5JSZ5,0.977955345,0.00673732,0.057754508,Q5JSZ5,PRRC2B,1,
P09493-2,-0.039024331,0.928474746,0.961634559,P09493,TPM1,10,
Q15084,0.242168518,0.682403039,0.817241429,Q15084,PDIA6,2,
Q5SNV9,-0.884575259,0.444945096,0.649405144,Q5SNV9,C1orf167,1,
O14910,0.902551903,0.063830521,0.219773078,O14910,LIN7A,1,
P12814,0.4076703,0.100418704,0.287539589,P12814,ACTN1,8,
Q6W2J9,0.385042597,0.161766677,0.380808256,Q6W2J9,BCOR,2,
P09012,0.233038131,0.105003621,0.292824539,P09012,SNRPA,7,
Q86W42,-0.099827888,0.40879254,0.620472418,Q86W42,THOC6,9,
Q15291,1.090768196,0.463346923,0.662119176,Q15291,RBBP5,1,
Q07021,0.0448586,0.956885815,0.976853396,Q07021,C1QBP,6,
O15145,0.261053205,0.143090972,0.355899625,O15145,ARPC3,2,
P14406,-0.023633445,0.832448973,0.904408827,P14406,COX7A2,1,
Q9UNE7,0.825620277,0.058754423,0.210742839,Q9UNE7,STUB1,1,
Q9UIS9,-0.17175541,0.436538102,0.643400353,Q9UIS9,MBD1,2,
P30048,0.468560103,0.294527892,0.521674402,P30048,PRDX3,2,
P19338,-0.104220834,0.548556158,0.720209389,P19338,NCL,46,
Q9NYV4,0.167290032,0.063550455,0.219773078,Q9NYV4,CDK12,3,
Q9H3K6,-0.011918327,0.935560256,0.966769241,Q9H3K6,BOLA2,1,
P34741,-0.156516624,0.56009142,0.729135249,P34741,SDC2,1,
Q9UKN8,0.937718013,0.05239366,0.20431944,Q9UKN8,GTF3C4,1,
Q71UI9,-0.508635673,0.00655831,0.057754508,Q71UI9,H2AFV,13,
Q15370,0.177793906,0.50616228,0.687913888,Q15370,ELOB,2,
P67809,0.252739175,0.103742789,0.292151698,P67809,YBX1,4,
Q10570,0.124783713,0.473663936,0.668288957,Q10570,CPSF1,8,
Q9UK61,-0.25558916,0.15443777,0.371905795,Q9UK61,TASOR,7,
P27816,1.229638302,0.194039799,0.423840139,P27816,MAP4,1,
Q9Y2W2,0.289508124,0.526196404,0.705119793,Q9Y2W2,WBP11,3,
Q00059,-0.36548688,0.588947105,0.748140812,Q00059,TFAM,5,
O95757,0.892981896,0.030530719,0.145501292,O95757,HSPA4L,2,
O75592,1.069085871,4.65142E-08,4.22659E-06,O75592,MYCBP2,8,
P63167,1.018303027,0.089226625,0.269526279,P63167,DYNLL1,1,
P10412,-0.033963423,0.361707428,0.580008499,P10412,HIST1H1E,83,
P14927,1.330174958,0.291207283,0.521188357,P14927,UQCRB,1,
Q9BYD2,0.925563393,0.226680262,0.458405336,Q9BYD2,MRPL9,1,
P07196,0.086728599,0.72905641,0.837155759,P07196,NEFL,2,
O43660,-0.014545487,0.9833537,0.989159478,O43660,PLRG1,6,
P56556,0.456133783,0.027061324,0.136095948,P56556,NDUFA6,1,
O60870,0.262206082,0.238828735,0.470409777,O60870,KIN,2,
Q9H7N4,0.387070731,0.114441143,0.308877778,Q9H7N4,SCAF1,1,
Q13243,-0.200702163,0.734284323,0.84103322,Q13243,SRSF5,14,
P54727,-0.434613081,0.264944638,0.494007581,P54727,RAD23B,1,
O00264,-0.181355189,0.827497161,0.900861526,O00264,PGRMC1,1,
P56545,0.142566932,0.491193103,0.681074466,P56545,CTBP2,1,
O75494,-0.079187751,0.863405925,0.925902656,O75494,SRSF10,14,
P55060,0.676944618,0.070492513,0.23169551,P55060,CSE1L,2,
P63220,0.398148526,0.357943957,0.579427095,P63220,RPS21,1,
P37108,0.34239534,0.100337023,0.287539589,P37108,SRP14,3,
P28799,0.479519823,0.405919915,0.617400188,P28799,GRN,5,
P42766,0.090244594,0.182865068,0.411295524,P42766,RPL35,5,
Q17RY0,0.659596564,0.00294999,0.034963795,Q17RY0,CPEB4,1,
Q05519,0.315625798,0.809283978,0.891027015,Q05519,SRSF11,2,
Q13813-3,0.33310001,0.062559287,0.217535875,Q13813,SPTAN1,68,
O43795,-0.021047461,0.248016886,0.47820273,O43795,MYO1B,17,
P37198,1.153268924,0.00731848,0.059714383,P37198,NUP62,3,
Q14566,0.484078489,0.048038839,0.194871837,Q14566,MCM6,3,
P45973,-0.254357978,0.173797736,0.397460259,P45973,CBX5,7,
O14979,-0.187236697,0.052660042,0.204488994,O14979,HNRNPDL,18,
Q9BZZ5,0.392363813,0.37927477,0.59419714,Q9BZZ5,API5,1,
Q9ULW0,-0.432833686,2.29968E-05,0.000783616,Q9ULW0,TPX2,11,
P08579,0.076542314,0.36807801,0.584039963,P08579,SNRPB2,6,
Q7Z3T8,1.10519834,1.07872E-05,0.000408417,Q7Z3T8,ZFYVE16,7,
P46100,-0.221827537,0.034227979,0.15874144,P46100,ATRX,4,
Q9UI36,-0.333103976,0.222985513,0.454303819,Q9UI36,DACH1,4,
Q12797,-0.18582057,0.476546555,0.670902884,Q12797,ASPH,1,
Q8NI38,-0.327197106,0.64121467,0.786671183,Q8NI38,NFKBID,1,
Q8IWS0,-0.567040374,0.367878185,0.584039963,Q8IWS0,PHF6,1,
Q96DF8,-0.058048725,0.831259558,0.904235258,Q96DF8,ESS2,3,
Q9Y3I0,0.355649746,0.002033422,0.026908294,Q9Y3I0,RTCB,4,
P62249,0.384003143,0.129998274,0.336460373,P62249,RPS16,14,
Q9Y3C1,0.072229093,0.425151918,0.636074197,Q9Y3C1,NOP16,2,
Q99496,-0.060334022,0.296377746,0.522709583,Q99496,RNF2,3,
P04114,0.683674898,0.007197848,0.059714383,P04114,APOB,2,
Q9Y2D5,0.192192342,0.483648458,0.674731677,Q9Y2D5,AKAP2,1,
Q9BVC6,0.37563444,0.371145412,0.586857536,Q9BVC6,TMEM109,1,
P16615,0.412926754,0.122052464,0.319918286,P16615,ATP2A2,6,
O95477,0.735497812,0.446221352,0.649786008,O95477,ABCA1,1,
Q99986,-0.87135082,0.06546614,0.221966042,Q99986,VRK1,1,
Q8IX01,-0.069127798,0.95021831,0.975910513,Q8IX01,SUGP2,5,
Q8WYA6,-0.075040747,0.686186551,0.81786946,Q8WYA6,CTNNBL1,1,
Q5T200,-0.017322118,0.544673619,0.717285162,Q5T200,ZC3H13,9,
Q06787,0.680532929,0.003630835,0.040899404,Q06787,FMR1,13,
Q96EY7,1.104779067,0.038221411,0.171549865,Q96EY7,PTCD3,2,
Q5C9Z4,0.53095592,0.244301105,0.475202472,Q5C9Z4,NOM1,1,
Q14157-1,0.622916151,0.075584774,0.241835791,Q14157,UBAP2L,1,
Q9GZV4,0.975352017,0.212513969,0.439539514,Q9GZV4,EIF5A2,1,
Q9Y2X9,0.035327186,0.85168692,0.916942553,Q9Y2X9,ZNF281,1,
Q6P5R6,1.285918627,0.299001427,0.522709583,Q6P5R6,RPL22L1,1,
Q9BRJ7,-0.179156451,0.381482948,0.595887213,Q9BRJ7,NUDT16L1,1,
P30414,0.137524975,0.231863303,0.46367769,P30414,NKTR,2,
P62258,-0.086123472,0.978681676,0.987418734,P62258,YWHAE,7,
Q96IZ5,0.057071576,0.837921837,0.907138573,Q96IZ5,RBM41,1,
O00541,-0.021576182,0.497907621,0.686218957,O00541,PES1,2,
Q86YP4,-0.434443437,0.24352854,0.474863232,Q86YP4,GATAD2A,2,
P53396,0.889818445,0.010150154,0.07205552,P53396,ACLY,51,
O43143,-0.156897843,0.326697842,0.550419232,O43143,DHX15,26,
O00479,-0.822068921,0.033764685,0.157607072,O00479,HMGN4,1,
P61160,0.705579446,0.215075226,0.441291158,P61160,ACTR2,2,
P55795,0.26222039,0.198364113,0.42987938,P55795,HNRNPH2,12,
P25398,0.050723166,0.251839557,0.480080163,P25398,RPS12,6,
Q99708,0.799972077,0.005024436,0.050432297,Q99708,RBBP8,3,
Q5T8P6,0.466878363,0.043622286,0.181826225,Q5T8P6,RBM26,2,
Q7Z745,0.741332431,0.056452826,0.210742839,Q7Z745,MROH2B,1,
P35527,1.106050883,0.024837748,0.127270113,P35527,KRT9,19,
Q96J01,-0.215243999,0.921324924,0.95848373,Q96J01,THOC3,5,
O14974,0.352718554,0.306092117,0.529446136,O14974,PPP1R12A,8,
P43243,-0.112909828,0.426387988,0.636074197,P43243,MATR3,41,
P49792,0.529122878,0.000292477,0.006228839,P49792,RANBP2,15,
Q12789,-0.124026227,0.771269874,0.867360428,Q12789,GTF3C1,2,
O00161,0.23281172,0.670725113,0.808309751,O00161,SNAP23,1,
Q53F19,-0.087029664,0.319073832,0.542266374,Q53F19,NCBP3,6,
Q86U86,0.84315853,0.331119984,0.552407023,Q86U86,PBRM1,1,
Q9BXS5,0.855335808,0.014238335,0.089022248,Q9BXS5,AP1M1,1,
P61313,0.130921696,0.159270789,0.379499071,P61313,RPL15,8,
Q9UM00,0.142835519,0.108056978,0.298141014,Q9UM00,TMCO1,1,
P26599,0.005807131,0.968580493,0.984285437,P26599,PTBP1,13,
P35637,0.32463925,0.955491278,0.976853396,P35637,FUS,8,
P61421,0.547467077,0.035854952,0.164546464,P61421,ATP6V0D1,1,
Q16629,-0.146850218,0.253159627,0.481318624,Q16629,SRSF7,19,
Q92621,0.117417059,0.91138363,0.954816209,Q92621,NUP205,8,
Q9UJT1,-1.11142718,0.306928191,0.529548259,Q9UJT1,TUBD1,1,
Q5HYC2,0.755595032,0.063969931,0.219773078,Q5HYC2,KIAA2026,1,
Q9NY12,-0.17174918,0.330167259,0.552169293,Q9NY12,GAR1,1,
Q9BRX2,1.995127508,0.195723158,0.426833063,Q9BRX2,PELO,1,
P17987,0.347790242,0.012964942,0.083085849,P17987,TCP1,4,
P19404,0.240074975,0.512374324,0.693511622,P19404,NDUFV2,1,
Q99626,-0.54070896,0.139279951,0.351552914,Q99626,CDX2,1,
P80723,0.388468373,0.586688992,0.748042185,P80723,BASP1,1,
Q15327,-0.331817134,0.561737544,0.729883959,Q15327,ANKRD1,1,
P02788,0.763100448,0.022097497,0.121447133,P02788,LTF,2,
P20700,0.478680424,3.18422E-06,0.000160744,P20700,LMNB1,47,
Q96T23,-0.092071247,0.209684281,0.437958263,Q96T23,RSF1,10,
P49750-4,0.080315772,0.499209654,0.686218957,P49750,YLPM1,13,
Q3MHD2,0.534179632,0.000169687,0.004283024,Q3MHD2,LSM12,2,
P39023,0.050107587,0.715896337,0.831387274,P39023,RPL3,15,
Q9UHB6,0.505484809,0.039184385,0.172842447,Q9UHB6,LIMA1,15,
Q12830,-0.285146983,0.166282113,0.386103101,Q12830,BPTF,6,
O14654,0.515613052,0.015507661,0.095642272,O14654,IRS4,22,
P49790,0.511727392,0.125829039,0.327925392,P49790,NUP153,2,
Q15006,0.230019579,0.029562817,0.144176687,Q15006,EMC2,2,
Q6PJT7,0.153776619,0.03977974,0.174340148,Q6PJT7,ZC3H14,21,
Q96KQ7,-0.16541357,0.504453924,0.687913888,Q96KQ7,EHMT2,1,
Q7Z417,0.474603784,0.15995001,0.379499071,Q7Z417,NUFIP2,2,
O60264,-0.366258157,0.009440785,0.068811708,O60264,SMARCA5,36,
Q96F86,0.373396696,0.112158719,0.304866537,Q96F86,EDC3,1,
Q04837,0.045481625,0.263454046,0.491901185,Q04837,SSBP1,12,
P05455,0.246275786,0.159761864,0.379499071,P05455,SSB,5,
P26367,-0.423915082,0.237775184,0.469692139,P26367,PAX6,1,
O14936,0.527930283,0.164915307,0.384238571,O14936,CASK,1,
Q9Y490,0.412695244,0.100441751,0.287539589,Q9Y490,TLN1,1,
P49006,0.382624265,0.545352558,0.717486039,P49006,MARCKSL1,1,
Q7L2E3,0.321655206,0.053014843,0.205039528,Q7L2E3,DHX30,13,
Q96RR1,0.591022221,0.191642557,0.420626095,Q96RR1,TWNK,2,
P52815,0.850263325,0.00678929,0.057836263,P52815,MRPL12,3,
P11940,0.483336402,6.28294E-09,7.13637E-07,P11940,PABPC1,31,
Q8WWK9,-0.278267521,0.355984594,0.577109441,Q8WWK9,CKAP2,1,
P51116,0.531162601,0.005997996,0.055592051,P51116,FXR2,8,
Q7Z3B4,0.510616097,0.102001092,0.289038438,Q7Z3B4,NUP54,1,
Q8N3I7,1.390638379,0.061832293,0.216651453,Q8N3I7,BBS5,1,
P04264,0.942990197,0.054749579,0.206713786,P04264,KRT1,27,
P10644,0.655060519,0.260355895,0.488794883,P10644,PRKAR1A,1,
Q9BQ61,-0.085260483,0.783786344,0.874223229,Q9BQ61,TRIR,2,
Q8NHM5,0.529131311,0.234638026,0.46619771,Q8NHM5,KDM2B,1,
P18848,-1.215178095,0.107215322,0.297021308,P18848,ATF4,1,
Q3KQU3,0.666979329,0.001715863,0.023387207,Q3KQU3,MAP7D1,1,
P49458,-0.254603469,0.207846246,0.436928155,P49458,SRP9,4,
P35250,-0.200540966,0.402346217,0.616080137,P35250,RFC2,9,
Q86UP2,0.539412862,0.000101619,0.002770136,Q86UP2,KTN1,38,
P38159-2,-0.133613114,0.378734573,0.594033628,P38159,RBMX,51,
P46060,0.398612012,0.065054206,0.221119408,P46060,RANGAP1,4,
P49368,0.765480706,0.000890273,0.014445738,P49368,CCT3,4,
P06454,0.83446558,0.376263717,0.591021456,P06454,PTMA,1,
P22415,-1.356235976,0.027059213,0.136095948,P22415,USF1,2,
P51991,-0.261254292,0.576074622,0.740373705,P51991,HNRNPA3,25,
Q13620-1,0.421316805,0.460472856,0.660744246,Q13620,CUL4B,2,
Q9UMS4,0.098852808,0.608212491,0.762896931,Q9UMS4,PRPF19,15,
Q9NXX6,-0.063658908,0.938495088,0.969067276,Q9NXX6,NSMCE4A,1,
Q9H8H0,0.233437529,0.256822144,0.485694853,Q9H8H0,NOL11,2,
Q14202,-0.2573036,0.506782402,0.687992444,Q14202,ZMYM3,2,
Q7Z6E9,0.157559157,0.592304442,0.749529169,Q7Z6E9,RBBP6,8,
Q9Y608,0.340815765,0.469067265,0.665977794,Q9Y608,LRRFIP2,3,
Q49AM1,0.563157755,0.026382596,0.134177156,Q49AM1,MTERF2,1,
O15260,1.310217161,0.142472356,0.355659013,O15260,SURF4,1,
P10809,0.537718354,4.17911E-05,0.001356221,P10809,HSPD1,25,
P33992,0.537941558,0.019346188,0.11126099,P33992,MCM5,2,
O00231,0.414765479,0.419618524,0.630654764,O00231,PSMD11,1,
P61978-3,0.095320961,0.719570714,0.83352625,P61978,HNRNPK,34,
O75694,0.818457033,0.048529071,0.196276332,O75694,NUP155,3,
Q719I0,-0.305221557,0.554430535,0.724169583,Q719I0,AHSA2P,1,
Q14103,-0.05482789,0.611213095,0.762896931,Q14103,HNRNPD,19,
P78332,0.015266357,0.687335523,0.81786946,P78332,RBM6,6,
P62851,0.1008648,0.225861209,0.457460338,P62851,RPS25,8,
P07948,0.698832148,0.01854119,0.10952419,P07948,LYN,5,
P53985,0.356057394,0.155474882,0.373742971,P53985,SLC16A1,2,
P01599,0.582454466,0.008486384,0.065721261,P01599,IGKV1-17,1,
P27348,-0.065035718,0.242640896,0.474490017,P27348,YWHAQ,7,
Q9HDC5,-0.038184666,0.403794524,0.616317958,Q9HDC5,JPH1,1,
O14503,-0.102762471,0.688504151,0.81786946,O14503,BHLHE40,1,
O00330,0.841879093,0.075222478,0.241242912,O00330,PDHX,1,
P00403,0.369628041,0.052466474,0.20431944,P00403,MT-CO2,1,
Q14978-3,0.091006555,0.122933964,0.321610351,Q14978,NOLC1,32,
Q9Y5Q9,0.744005917,0.003620864,0.040899404,Q9Y5Q9,GTF3C3,1,
O95816,1.010575016,1.9375E-05,0.00067713,O95816,BAG2,4,
P09497-2,1.179905003,0.004896268,0.049982799,P09497,CLTB,2,
P05388,0.075150326,0.764067943,0.861964491,P05388,RPLP0,12,
Q08170,-0.219771217,0.086368534,0.264447354,Q08170,SRSF4,22,
Q6UN15,0.138773594,0.665665231,0.805774165,Q6UN15,FIP1L1,7,
Q9H6R4,0.009928316,0.958219362,0.976853396,Q9H6R4,NOL6,1,
P35249,-0.228682116,0.292883509,0.521674402,P35249,RFC4,10,
Q9H307,-0.35167358,0.099388169,0.287539589,Q9H307,PNN,48,
Q9HCG8,-0.100981242,0.487636208,0.677521051,Q9HCG8,CWC22,2,
P49454,-0.067739033,0.999228934,0.999568188,P49454,CENPF,35,
Q9Y512,0.482512091,0.080608114,0.253154053,Q9Y512,SAMM50,4,
Q9Y3Y2,-0.051979467,0.540029117,0.71323613,Q9Y3Y2,CHTOP,10,
Q15233,0.519832539,0.00484011,0.049977804,Q15233,NONO,35,
P20226,-0.517759157,0.020829146,0.116831793,P20226,TBP,3,
P01023,0.784485072,0.017980771,0.10749031,P01023,A2M,3,
P67936,0.539311858,0.173134729,0.397266876,P67936,TPM4,7,
Q8N5F7,0.024581286,0.42615159,0.636074197,Q8N5F7,NKAP,2,
P84103,-0.396677781,0.053556562,0.205049422,P84103,SRSF3,15,
Q13769,-0.154961346,0.058160909,0.210742839,Q13769,THOC5,17,
Q15428,0.081323012,0.445129447,0.649405144,Q15428,SF3A2,4,
Q14257,0.448396372,0.296144489,0.522709583,Q14257,RCN2,5,
Q9P0K7,0.728594764,0.104396108,0.292571436,Q9P0K7,RAI14,2,
P31689,0.599755637,0.027159279,0.136095948,P31689,DNAJA1,1,
O75116,0.79119097,9.79715E-09,1.02719E-06,O75116,ROCK2,29,
O76021,-0.51464417,0.002497136,0.030941791,O76021,RSL1D1,13,
P13804,1.541325817,0.376380502,0.591021456,P13804,ETFA,1,
P08294,0.745896032,0.130288187,0.336460373,P08294,SOD3,1,
P52272,-0.074311276,0.832746205,0.904408827,P52272,HNRNPM,52,
Q13148,0.105735431,0.302385266,0.525702956,Q13148,TARDBP,8,
P68400,0.932855489,0.008960025,0.067001495,P68400,CSNK2A1,2,
Q16643,0.347749235,0.2033213,0.432809813,Q16643,DBN1,22,
P62318,0.051745555,0.318093821,0.541952347,P62318,SNRPD3,4,
P08708,-0.082825284,0.561424708,0.729883959,P08708,RPS17,4,
Q8ND82,-0.317663504,0.406315458,0.617400188,Q8ND82,ZNF280C,1,
P07195,0.731783989,0.002871613,0.034333409,P07195,LDHB,6,
P15924,0.986237478,1.07309E-07,9.14134E-06,P15924,DSP,14,
P61326,-0.463863715,0.089964778,0.270092495,P61326,MAGOH,17,
P18621,0.145939916,0.036103201,0.165129741,P18621,RPL17,12,
P46013,-0.134699083,0.36151617,0.580008499,P46013,MKI67,12,
P49916,-0.314568039,0.019123342,0.110915383,P49916,LIG3,25,
O43390,0.40874,0.30902133,0.530929371,O43390,HNRNPR,41,
Q9NUD5,0.493166559,0.202446581,0.432809813,Q9NUD5,ZCCHC3,3,
A6NHR9,-0.148714315,0.796965445,0.881926715,A6NHR9,SMCHD1,5,
P00441,0.688102544,0.057351059,0.210742839,P00441,SOD1,1,
Q6KC79,0.652693809,0.143052322,0.355899625,Q6KC79,NIPBL,4,
O15020,0.607663452,0.276961844,0.507932433,O15020,SPTBN2,9,
Q9UNM6,1.215189775,0.007374888,0.059714383,Q9UNM6,PSMD13,4,
P31942,-0.233835348,0.597941889,0.755324184,P31942,HNRNPH3,12,
Q9NZ01,0.122621501,0.329944317,0.552169293,Q9NZ01,TECR,3,
P06396,0.749887882,0.023485383,0.125601207,P06396,GSN,6,
O60508,0.028694041,0.283335575,0.51301886,O60508,CDC40,8,
Q92614,0.552314574,0.241000053,0.472637515,Q92614,MYO18A,2,
P17509,-0.652973831,0.061036869,0.216112563,P17509,HOXB6,1,
Q8WUM0,0.299619417,0.204158327,0.432809813,Q8WUM0,NUP133,3,
P39880,-0.47312074,0.000792842,0.013341288,P39880,CUX1,39,
Q8NI36,0.060066199,0.484669694,0.675465023,Q8NI36,WDR36,2,
Q7Z739,0.382142853,0.066760291,0.224677225,Q7Z739,YTHDF3,1,
P17812,0.72584992,0.018875099,0.110415281,P17812,CTPS1,2,
A4D1T9,1.195316951,0.200851737,0.431799555,A4D1T9,PRSS37,1,
Q04760,0.237696337,0.581400254,0.744782469,Q04760,GLO1,1,
P08238,0.588430455,2.47153E-06,0.000134748,P08238,HSP90AB1,14,
O75528,-0.071281204,0.012984069,0.083085849,O75528,TADA3,1,
Q15388,0.665248294,0.207591463,0.436928155,Q15388,TOMM20,1,
P51149,0.638837391,0.110198349,0.301607127,P51149,RAB7A,2,
Q9NZI8,0.353313008,5.34887E-05,0.001656935,Q9NZI8,IGF2BP1,36,
P36551,0.328426896,0.610702912,0.762896931,P36551,CPOX,1,
Q01844,0.031748072,0.776027425,0.871272966,Q01844,EWSR1,4,
Q8WXI9,-0.358499374,0.031618091,0.14860503,Q8WXI9,GATAD2B,2,
Q9NRL2,-0.314196638,0.079975534,0.251747466,Q9NRL2,BAZ1A,12,
Q9NYF8,-0.258096373,0.268979094,0.49744709,Q9NYF8,BCLAF1,53,
O95696,-0.551343525,0.010825369,0.074145616,O95696,BRD1,1,
P63208,-0.20311322,0.449191105,0.651327103,P63208,SKP1,3,
Q01780,0.517627871,0.067006632,0.224950836,Q01780,EXOSC10,1,
P07947,0.542768747,0.288359767,0.517831834,P07947,YES1,4,
P19532,-0.744395328,0.211016233,0.43819989,P19532,TFE3,4,
P05412,-0.624296567,0.184108784,0.41243834,P05412,JUN,1,
Q9UER7,-0.892976525,0.008577263,0.066049772,Q9UER7,DAXX,2,
Q9UQ35,-0.373996538,0.002365408,0.029852319,Q9UQ35,SRRM2,129,
P10599,0.019926402,0.448585232,0.65114129,P10599,TXN,3,
Q5SSJ5,-0.316504002,0.205871286,0.435042734,Q5SSJ5,HP1BP3,14,
Q14683,0.356601135,0.119110333,0.315850941,Q14683,SMC1A,14,
P62913,0.137776477,0.157409819,0.376943006,P62913,RPL11,5,
Q9NVM9,-0.227286168,0.293659206,0.521674402,Q9NVM9,INTS13,1,
Q9UNX4,-0.5093147,0.655222843,0.799084124,Q9UNX4,WDR3,2,
Q96AG4,0.487264423,0.117876328,0.315649186,Q96AG4,LRRC59,3,
Q9Y2R9,0.323178632,0.176640652,0.402610716,Q9Y2R9,MRPS7,1,
P61758,0.417579511,0.367217835,0.584039963,P61758,VBP1,1,
P52292,0.176553438,0.157237734,0.376943006,P52292,KPNA2,5,
Q8IWC1,0.340905366,0.655448313,0.799084124,Q8IWC1,MAP7D3,1,
Q9P2D1,-0.186333283,0.915085604,0.956518909,Q9P2D1,CHD7,16,
P07910-2,-0.264213744,0.152462105,0.370288016,P07910,HNRNPC,40,
P68363,0.221509506,0.688858504,0.81786946,P68363,TUBA1B,23,
Q9Y605,0.896232498,0.500498414,0.686218957,Q9Y605,MRFAP1,1,
Q96EY1,-0.067474722,0.777503566,0.872211819,Q96EY1,DNAJA3,6,
O00483,0.702601314,0.099706768,0.287539589,O00483,NDUFA4,1,
P08134,0.57419334,0.478625987,0.672543527,P08134,RHOC,1,
Q9NP66,-0.135828216,0.333017367,0.55489324,Q9NP66,HMG20A,2,
O95613,1.400180762,1.90041E-13,6.47566E-11,O95613,PCNT,34,
Q00610,1.30567785,9.40608E-14,4.45425E-11,Q00610,CLTC,25,
P02786,0.769950835,3.56213E-06,0.000173399,P02786,TFRC,16,
Q9Y2K7,-0.231883721,0.297764896,0.522709583,Q9Y2K7,KDM2A,2,
Q8TC92,1.257289987,0.01972137,0.112942129,Q8TC92,ENOX1,1,
Q8TAE8,0.284521891,0.68045929,0.815713291,Q8TAE8,GADD45GIP1,1,
P60660,0.319843591,0.344425627,0.565604975,P60660,MYL6,10,
P38919,-0.195031558,0.121565926,0.319873277,P38919,EIF4A3,43,
P04637,0.57502852,0.012716145,0.082357094,P04637,TP53,5,
P54274,0.251187873,0.403632508,0.616317958,P54274,TERF1,2,
Q5VWN6,-0.409197929,0.072043891,0.234918238,Q5VWN6,FAM208B,1,
P33947,0.394758637,0.779770337,0.872689378,P33947,KDELR2,1,
P23246,0.467671199,0.001586594,0.022066602,P23246,SFPQ,29,
Q5VTL8,0.005034446,0.362894306,0.580545703,Q5VTL8,PRPF38B,7,
Q9UBL3,-0.31734529,0.335432455,0.556999622,Q9UBL3,ASH2L,3,
P34932,0.672082421,0.21439095,0.441291158,P34932,HSPA4,2,
P14678,0.346813362,0.189145545,0.418515224,P14678,SNRPB,7,
Q8WYP5,-0.201083017,0.890042222,0.944068132,Q8WYP5,AHCTF1,16,
Q9NWH9,-0.252099444,0.308229665,0.530450799,Q9NWH9,SLTM,6,
P62310,0.509385669,0.141202892,0.354437463,P62310,LSM3,1,
P53567,-1.140889992,0.038838417,0.171963855,P53567,CEBPG,1,
Q86VM9,-0.006277479,0.330132204,0.552169293,Q86VM9,ZC3H18,12,
Q92522,0.043466008,0.793138141,0.879615367,Q92522,H1FX,11,
P46940,0.347646952,0.150444845,0.368144208,P46940,IQGAP1,1,
P06753-2,0.285228649,0.241693446,0.473316333,P06753,TPM3,22,
Q53GS9,-0.017938623,0.941388776,0.971319381,Q53GS9,USP39,2,
Q92945,0.145540362,0.053744808,0.20513067,Q92945,KHSRP,18,
P62316,-0.076530157,0.973381866,0.985035374,P62316,SNRPD2,14,
Q15717,0.371630849,0.002209032,0.028404812,Q15717,ELAVL1,17,
Q69YQ0,0.094505206,0.983197347,0.989159478,Q69YQ0,SPECC1L,4,
P49959,0.087449491,0.419321514,0.630654764,P49959,MRE11,3,
Q96K17,0.908525256,0.258222609,0.486801405,Q96K17,BTF3L4,1,
Q9UBX7-1,1.29343663,0.164339456,0.383552533,Q9UBX7,KLK11,1,
O95104,0.487922294,0.5120006,0.693511622,O95104,SCAF4,2,
Q13885,0.339610976,0.248891633,0.478828959,Q13885,TUBB2A,15,
Q6P2Q9,-0.048050712,0.819029052,0.896655902,Q6P2Q9,PRPF8,62,
Q13242,-0.453617794,0.003130181,0.036779626,Q13242,SRSF9,17,
O00567,-0.457947638,0.092633047,0.276277555,O00567,NOP56,6,
Q9Y3B4,-0.043897982,0.423974878,0.635030504,Q9Y3B4,SF3B6,5,
Q02878,0.023667577,0.298233842,0.522709583,Q02878,RPL6,12,
P40227,0.479573793,0.106147548,0.294662135,P40227,CCT6A,4,
Q9UH99,-0.706722783,0.341671305,0.564665632,Q9UH99,SUN2,3,
P0DMV9,0.703868214,1.1423E-07,9.15856E-06,P0DMV9,HSPA1B,54,
Q15848,0.916848003,0.401967554,0.616080137,Q15848,ADIPOQ,1,
Q8N201,0.597503075,0.088205258,0.267163926,Q8N201,INTS1,1,
P26368,0.047883846,0.305131179,0.528454633,P26368,U2AF2,17,
Q9BTC0-1,0.533570893,0.251367626,0.480080163,Q9BTC0,DIDO1,1,
P18887,-0.384899629,0.00967256,0.069755023,P18887,XRCC1,9,
P46781,0.130478572,0.720425836,0.83352625,P46781,RPS9,13,
P19387,0.134533453,0.501951797,0.686218957,P19387,POLR2C,1,
Q9P0L0,0.949567472,2.25807E-06,0.000128239,Q9P0L0,VAPA,16,
O60506-3,0.105882083,0.093881091,0.278779798,O60506,SYNCRIP,35,
Q5RKV6,0.688998269,0.191354608,0.420626095,Q5RKV6,EXOSC6,1,
O43663,-0.391351894,0.225637576,0.457460338,O43663,PRC1,4,
Q9UQR1,-0.389316817,0.369794578,0.586081407,Q9UQR1,ZNF148,1,
Q9UQR0,-0.330638073,0.067754045,0.22690114,Q9UQR0,SCML2,5,
P35221,0.129781582,0.441454913,0.646376502,P35221,CTNNA1,2,
P57740,-0.231518919,0.411400924,0.623043843,P57740,NUP107,1,
Q9ULV4,0.642298107,0.020041294,0.113484262,Q9ULV4,CORO1C,9,
Q13555-8,1.106296027,4.04606E-06,0.000190165,Q13555,CAMK2G,18,
Q8IUE6,-0.461661521,0.081827704,0.255220047,Q8IUE6,HIST2H2AB,15,
Q9UBW7,0.596811404,0.011588066,0.077805589,Q9UBW7,ZMYM2,1,
Q9UIF9,-0.429763488,0.010280533,0.072414579,Q9UIF9,BAZ2A,4,
P19823,1.20542407,0.00467498,0.049015371,P19823,ITIH2,1,
Q9Y388,-0.159557772,0.691889544,0.819327062,Q9Y388,RBMX2,1,
Q9ULR0,0.083350372,0.586470537,0.748042185,Q9ULR0,ISY1,2,
Q9Y4W6,0.817026299,0.008700524,0.066622549,Q9Y4W6,AFG3L2,2,
O14646,-0.40880241,0.045681102,0.188676794,O14646,CHD1,1,
P02533,0.803134507,0.576872248,0.740373705,P02533,KRT14,6,
P02768,1.091977082,0.000272642,0.005898585,P02768,ALB,8,
Q7Z2T5,0.047520131,0.690905535,0.818873256,Q7Z2T5,TRMT1L,1,
P14373,0.878762647,0.000943812,0.014958327,P14373,TRIM27,7,
O75531,-0.939536836,0.004913936,0.049982799,O75531,BANF1,9,
Q9NYL9,0.196846991,0.492889356,0.682731902,Q9NYL9,TMOD3,8,
P53396-2,1.014287749,4.9586E-06,0.000211205,P53396,ACLY,49,
O60306,-0.084563613,0.303307053,0.526633775,O60306,AQR,3,
P32119,0.193268678,0.848739789,0.915215453,P32119,PRDX2,2,
P56385,1.217258368,0.057549666,0.210742839,P56385,ATP5ME,1,
O95926,0.207496031,0.720002408,0.83352625,O95926,SYF2,3,
P51608,-1.025196911,7.52945E-05,0.002231009,P51608,MECP2,9,
Q99700,0.277764206,0.347043848,0.567852058,Q99700,ATXN2,3,
Q13472,0.205582147,0.141816936,0.355324419,Q13472,TOP3A,1,
P31939,0.121341474,0.837167127,0.907041967,P31939,ATIC,1,
Q9UQ88,0.056109512,0.694563854,0.820355748,Q9UQ88,CDK11A,2,
Q92552,0.190965759,0.151013435,0.368213437,Q92552,MRPS27,3,
P11021,0.23680048,0.007234362,0.059714383,P11021,HSPA5,36,
P62826,0.540155976,0.024142573,0.125601207,P62826,RAN,6,
P62314,0.140652389,0.426538383,0.636074197,P62314,SNRPD1,1,
Q06330,0.716368804,0.183372846,0.411758137,Q06330,RBPJ,2,
Q9UHI6,-0.373070768,0.672584524,0.809318032,Q9UHI6,DDX20,1,
O75306,0.398152811,0.321187745,0.544501115,O75306,NDUFS2,1,
Q9Y5M8,0.123330204,0.227622597,0.458659836,Q9Y5M8,SRPRB,1,
Q14008,0.105258357,0.722758019,0.834332671,Q14008,CKAP5,2,
Q9NUL3,0.615313198,0.023804928,0.125601207,Q9NUL3,STAU2,7,
Q15532,0.22288671,0.498865745,0.686218957,Q15532,SS18,1,
Q9BRU9,-0.344105639,0.001987451,0.026557797,Q9BRU9,UTP23,1,
Q8NFH5,0.707075908,0.007683469,0.061243089,Q8NFH5,NUP35,3,
Q15427,0.046848185,0.923322918,0.95848373,Q15427,SF3B4,1,
Q13523,0.105432968,0.705376881,0.824552906,Q13523,PRPF4B,7,
O43427,1.123630264,2.58256E-11,4.40003E-09,O43427,FIBP,5,
Q99549,-0.140307971,0.753081297,0.852533063,Q99549,MPHOSPH8,5,
P22234,1.32176227,0.001339221,0.019840852,P22234,PAICS,2,
Q14697,0.382000691,0.265466306,0.494304064,Q14697,GANAB,1,
P62857,0.693452034,0.012461225,0.081266269,P62857,RPS28,3,
Q9H1D0,0.566113569,0.114003727,0.308307699,Q9H1D0,TRPV6,1,
P36406,0.690211328,0.187363944,0.416165625,P36406,TRIM23,1,
Q15024,-0.537776545,0.432757807,0.641140099,Q15024,EXOSC7,1,
Q15637,0.08704875,0.959923553,0.977859344,Q15637,SF1,4,
Q9BQE3,0.733543389,0.045028063,0.186544831,Q9BQE3,TUBA1C,21,
P01024,0.816914448,0.006441147,0.057754508,P01024,C3,9,
Q13976-2,0.834864163,0.646589717,0.791825503,Q13976,PRKG1,1,
P13073,0.431962754,0.049449054,0.198817289,P13073,COX4I1,3,
P67870,0.628159682,0.230849791,0.462718038,P67870,CSNK2B,4,
Q9UHX1,0.109123614,0.451271426,0.653648197,Q9UHX1,PUF60,13,
P34897,0.639070557,0.235618011,0.467442788,P34897,SHMT2,1,
P24752,0.586530039,0.118562233,0.315850941,P24752,ACAT1,2,
P24539,0.925524531,0.058476938,0.210742839,P24539,ATP5PB,1,
Q8IV63,-0.141541188,0.755685423,0.854771146,Q8IV63,VRK3,5,
Q00839-2,-0.095468599,0.943272174,0.972169107,Q00839,HNRNPU,58,
Q8TDD1,0.108882431,0.37320093,0.587854177,Q8TDD1,DDX54,3,
Q5VZL5,0.687955192,0.490878493,0.681074466,Q5VZL5,ZMYM4,1,
Q13112,-0.63663609,0.05606061,0.209919264,Q13112,CHAF1B,1,
P04843,0.577583622,0.00076458,0.013191419,P04843,RPN1,7,
Q68D10,0.371283775,0.187584865,0.416165625,Q68D10,SPTY2D1,1,
Q14527,-0.141396122,0.539615785,0.71323613,Q14527,HLTF,7,
Q15185,0.834639297,0.648755728,0.792342346,Q15185,PTGES3,1,
Q9H583,-0.05550223,0.928025404,0.961634559,Q9H583,HEATR1,1,
Q9Y2P8,-0.039981105,0.889176688,0.9438846,Q9Y2P8,RCL1,2,
Q12872,0.283238301,0.248026744,0.47820273,Q12872,SFSWAP,1,
P62937,0.511375931,0.008269205,0.065149866,P62937,PPIA,6,
Q02224,0.697416905,0.006041794,0.055592051,Q02224,CENPE,7,
P25054,0.208642061,0.103463956,0.291969714,P25054,APC,5,
Q9NX58,-0.024874937,0.428039457,0.636918974,Q9NX58,LYAR,5,
P46778,0.057737309,0.948125021,0.975910513,P46778,RPL21,6,
P22695,0.605938666,0.308047396,0.530450799,P22695,UQCRC2,1,
O96019,-0.773365434,0.024791891,0.127270113,O96019,ACTL6A,2,
O94916,-0.119955869,0.352623831,0.574033482,O94916,NFAT5,10,
Q86UE4,-0.132704336,0.894001092,0.945324661,Q86UE4,MTDH,3,
O75533,0.11110927,0.152679285,0.370288016,O75533,SF3B1,32,
O43670,-0.134032318,0.583492471,0.745361048,O43670,ZNF207,1,
Q86WR0,-0.058238827,0.825913672,0.900576268,Q86WR0,CCDC25,1,
P56192,0.354248278,0.483140993,0.674731677,P56192,MARS,2,
P52926,-0.843149565,5.35214E-07,3.47379E-05,P52926,HMGA2,7,
P0DP23,0.253453689,0.684608269,0.81786946,P0DP23,CALM1,12,
P62701,0.135996172,0.139207788,0.351552914,P62701,RPS4X,18,
Q9Y277,0.623237741,9.08704E-05,0.002538541,Q9Y277,VDAC3,6,
Q15050,-0.168564496,0.687575028,0.81786946,Q15050,RRS1,1,
P05204,-1.443294122,0.00794654,0.062971711,P05204,HMGN2,5,
Q96I25,-0.07241365,0.919962997,0.957914106,Q96I25,RBM17,10,
Q12800,0.057071283,0.625449436,0.773582198,Q12800,TFCP2,7,
Q13129,-0.329114731,0.625269463,0.773582198,Q13129,RLF,1,
Q99996,1.017001031,0.009364662,0.068623842,Q99996,AKAP9,1,
Q9BWF3,0.01132155,0.869473059,0.930944053,Q9BWF3,RBM4,4,
Q01085,0.030418238,0.954301261,0.976853396,Q01085,TIAL1,1,
Q13200,0.572314337,0.049439321,0.198817289,Q13200,PSMD2,1,
Q9Y6A4,-0.300402886,0.227315151,0.458659836,Q9Y6A4,CFAP20,2,
O94905,0.371556734,0.085939009,0.264412798,O94905,ERLIN2,10,
P40937,-0.10488727,0.27705427,0.507932433,P40937,RFC5,4,
O75396,0.283307324,0.004784467,0.049780367,O75396,SEC22B,2,
Q96JM7,-0.281114511,0.04731378,0.19318465,Q96JM7,L3MBTL3,8,
Q9H582,-0.546218826,0.316972458,0.540717722,Q9H582,ZNF644,1,
Q53HL2,-0.058892739,0.721003264,0.83352625,Q53HL2,CDCA8,3,
P63010,1.049144643,0.032516265,0.152301267,P63010,AP2B1,3,
Q9BVT8,0.243815599,0.732338916,0.839510465,Q9BVT8,TMUB1,1,
P83916,0.312621793,0.812688077,0.892581667,P83916,CBX1,7,
Q9Y383,-0.150234327,0.563378288,0.730622841,Q9Y383,LUC7L2,14,
P52298,0.055668702,0.499860417,0.686218957,P52298,NCBP2,1,
P57088,1.001636293,0.240659675,0.472637515,P57088,TMEM33,1,
Q9NSI6,0.882853528,0.042218566,0.179346648,Q9NSI6,BRWD1,1,
Q96EY4,-1.278924037,0.201178651,0.431821262,Q96EY4,TMA16,1,
O43303,1.337849933,0.0508932,0.202008143,O43303,CCP110,1,
Q8IYB3,-0.120266058,0.435798857,0.643400353,Q8IYB3,SRRM1,21,
O60231,0.322207475,0.610644361,0.762896931,O60231,DHX16,2,
Q8WWY3,0.043593013,0.548021677,0.720209389,Q8WWY3,PRPF31,5,
O00629,0.262482336,0.387714847,0.600571804,O00629,KPNA4,1,
P16403,-0.557238914,0.021089339,0.117325586,P16403,HIST1H1C,82,
P49207,0.13993052,0.525476525,0.704945378,P49207,RPL34,8,
Q9H244,0.838028397,0.112585614,0.305077916,Q9H244,P2RY12,1,
Q8NEZ4,0.199607653,0.58781461,0.748077791,Q8NEZ4,KMT2C,1,
Q1KMD3,-0.281075593,0.051255902,0.202008143,Q1KMD3,HNRNPUL2,12,
Q14739,0.011843959,0.178314808,0.405071805,Q14739,LBR,4,
P61978-2,0.049084345,0.88600846,0.941254506,P61978,HNRNPK,33,
Q92785,-0.365421697,0.430200863,0.638740497,Q92785,DPF2,1,
Q96JN8,-0.200470803,0.629020497,0.776589618,Q96JN8,NEURL4,1,
P50454,0.187450627,0.661908176,0.801938528,P50454,SERPINH1,1,
Q13823,0.635232002,0.002697872,0.032832133,Q13823,GNL2,2,
Q96ST3,0.04511446,0.943638832,0.972169107,Q96ST3,SIN3A,2,
P37802,0.500991978,0.055954336,0.209919264,P37802,TAGLN2,1,
P08670,0.607290923,5.58344E-06,0.000230613,P08670,VIM,71,
P49327,0.837363224,3.01931E-06,0.000158282,P49327,FASN,18,
Q8TDY2,0.851178094,0.000908089,0.014561481,Q8TDY2,RB1CC1,9,
P49760,0.76652314,0.192729707,0.422332139,P49760,CLK2,2,
Q00535,0.799109863,0.064222458,0.219773078,Q00535,CDK5,2,
P84090,0.418122974,0.211906896,0.438949999,P84090,ERH,19,
Q16082,0.478414507,0.118831763,0.315850941,Q16082,HSPB2,1,
Q04727,0.563868218,0.022212632,0.121589629,Q04727,TLE4,6,
P56270,0.00045691,0.361450234,0.580008499,P56270,MAZ,3,
Q02880,-0.30538455,0.041561088,0.178600698,Q02880,TOP2B,36,
Q9HAV7,0.344877735,0.058175354,0.210742839,Q9HAV7,GRPEL1,3,
P62136,-0.404118598,0.100343578,0.287539589,P62136,PPP1CA,10,
P08621,-0.024166264,0.534201236,0.709664995,P08621,SNRNP70,14,
Q96C19,0.448784588,0.277831472,0.507932433,Q96C19,EFHD2,4,
Q8WUA4,0.216739363,0.299199134,0.522709583,Q8WUA4,GTF3C2,1,
P13987,0.656788139,0.299544355,0.522709583,P13987,CD59,1,
Q13428,0.225750383,0.301936388,0.525592971,Q13428,TCOF1,6,
Q96PU8,0.594800176,0.120126459,0.317310783,Q96PU8,QKI,1,
Q15911,0.758136506,0.24968223,0.479319549,Q15911,ZFHX3,1,
Q92804,0.117661353,0.660502059,0.801938528,Q92804,TAF15,8,
Q14331,0.42765243,0.082163638,0.255682738,Q14331,FRG1,1,
Q9BY77,-0.096102535,0.110098078,0.301607127,Q9BY77,POLDIP3,17,
Q9BT40,-0.171042129,0.068520078,0.228904085,Q9BT40,INPP5K,1,
P28289,0.259848972,0.821560552,0.89798479,P28289,TMOD1,1,
Q96T58,-0.221614673,0.463752247,0.662119176,Q96T58,SPEN,39,
Q16836,0.346142191,0.445483353,0.649405144,Q16836,HADH,1,
Q6Y7W6,0.749056794,0.639109175,0.786196575,Q6Y7W6,GIGYF2,1,
Q9Y2W1,0.03484984,0.324554017,0.547710666,Q9Y2W1,THRAP3,55,
P38117,0.2919805,0.476966174,0.670902884,P38117,ETFB,1,
P17980,0.402175703,0.464396763,0.662119176,P17980,PSMC3,2,
Q09028,-0.408349903,0.205333575,0.434580222,Q09028,RBBP4,9,
O75525,-0.043497997,0.658538634,0.801417999,O75525,KHDRBS3,5,
Q9Y4K3,1.080693583,0.000423499,0.008365644,Q9Y4K3,TRAF6,1,
Q9NS87,0.656301382,0.036834828,0.167352901,Q9NS87,KIF15,3,
P15927,0.062777476,0.503513764,0.68766459,P15927,RPA2,4,
P00492,0.667984173,0.119371985,0.315930128,P00492,HPRT1,1,
P61353,0.269872019,0.131538755,0.338917436,P61353,RPL27,3,
Q9NR30,-0.122757465,0.267329587,0.49639936,Q9NR30,DDX21,23,
P62910,-0.07219702,0.871952355,0.932134165,P62910,RPL32,4,
P01857,0.731050683,0.039593303,0.174082813,P01857,IGHG1,29,
P27824,0.344205278,0.05971268,0.213058593,P27824,CANX,5,
P17096-2,-0.589882043,0.029856993,0.144176687,P17096,HMGA1,6,
P62750,0.161448863,0.20340076,0.432809813,P62750,RPL23A,12,
P40939,0.835636849,0.00421726,0.045260831,P40939,HADHA,3,
Q9BRL6,-0.365302838,0.115289156,0.31055162,Q9BRL6,SRSF8,3,
P25490,0.391254514,0.0399153,0.174373571,P25490,YY1,3,
P04181,0.89886548,0.028554026,0.139996897,P04181,OAT,2,
P62280,0.307117044,0.335088272,0.556999622,P62280,RPS11,13,
Q15397,-0.091067686,0.587245593,0.748052096,Q15397,PUM3,1,
P51610,0.513464657,0.272997329,0.503511989,P51610,HCFC1,3,
Q9UJV9,0.157292241,0.278747953,0.507932433,Q9UJV9,DDX41,8,
Q96GD4,-0.12915549,0.204179538,0.432809813,Q96GD4,AURKB,1,
Q9NQ55,-0.15727507,0.648141839,0.792302535,Q9NQ55,PPAN,1,
Q9BZE4,-0.254234115,0.969452033,0.984285437,Q9BZE4,GTPBP4,6,
Q15365,-0.218799576,0.535277374,0.710402201,Q15365,PCBP1,8,
Q9UMY1,0.787410471,0.177997698,0.405026481,Q9UMY1,NOL7,1,
P13010,-0.834457633,2.53881E-08,2.47171E-06,P13010,XRCC5,52,
Q9Y2X3,-0.487252289,0.304866476,0.528454633,Q9Y2X3,NOP58,2,
Q5T9A4,0.231490486,0.523040301,0.703245634,Q5T9A4,ATAD3B,14,
Q8N3R9,0.173911602,0.783567332,0.874223229,Q8N3R9,MPP5,2,
O75381,1.420289288,0.011444703,0.077223416,O75381,PEX14,1,
P60953,1.055743123,0.306713809,0.529548259,P60953,CDC42,1,
P43246,0.040708909,0.539287001,0.71323613,P43246,MSH2,3,
Q14966,-0.002686617,0.702297258,0.824552906,Q14966,ZNF638,7,
B9A064,0.769180804,0.007479348,0.059966771,B9A064,IGLL5,1,
Q9Y4Z0,0.059264311,0.908658883,0.953427296,Q9Y4Z0,LSM4,2,
Q6WCQ1,0.565914899,0.276353955,0.507932433,Q6WCQ1,MPRIP,3,
Q9NYB0,-0.15894677,0.140395695,0.353714107,Q9NYB0,TERF2IP,5,
P57678,0.497929762,0.29161062,0.521188357,P57678,GEMIN4,2,
Q8IY67,0.57366498,0.284799844,0.514148592,Q8IY67,RAVER1,1,
P35244,-0.045775349,0.506219831,0.687913888,P35244,RPA3,4,
O75369,0.323388315,0.163449319,0.382785947,O75369,FLNB,2,
P00338,0.971369476,0.00053563,0.009734182,P00338,LDHA,6,
Q9Y2Q9,0.090075552,0.893245148,0.945258646,Q9Y2Q9,MRPS28,1,
Q12857,-1.315137036,0.007404058,0.059714383,Q12857,NFIA,12,
Q9NXW2,-0.026944294,0.915114202,0.956518909,Q9NXW2,DNAJB12,1,
P10606,0.531126117,0.386730528,0.6003573,P10606,COX5B,1,
Q9Y5S9,-0.328383553,0.068733991,0.229057287,Q9Y5S9,RBM8A,12,
Q92769,-0.101984275,0.591771997,0.749529169,Q92769,HDAC2,4,
Q13255,-0.346233115,0.706848928,0.825565629,Q13255,GRM1,1,
Q9HCU5,0.438567272,0.083532504,0.25879836,Q9HCU5,PREB,1,
P61224,0.44855463,0.008816932,0.067001495,P61224,RAP1B,5,
P18754,-0.543393123,0.030146996,0.144176687,P18754,RCC1,2,
Q9NZB2,0.816642389,9.80645E-10,1.21511E-07,Q9NZB2,FAM120A,25,
Q8TAQ2,-0.043694567,0.372105843,0.587694396,Q8TAQ2,SMARCC2,6,
P09496,1.303953676,1.08063E-06,6.40393E-05,P09496,CLTA,5,
Q8IWX8,-0.008810167,0.842103794,0.910220041,Q8IWX8,CHERP,9,
Q01658,-0.866362022,0.178722704,0.405322872,Q01658,DR1,2,
P12268,-0.269807704,0.36145269,0.580008499,P12268,IMPDH2,34,
O95433,0.273495991,0.731356558,0.839090058,O95433,AHSA1,1,
Q99729-3,-0.158443631,0.64209037,0.787022639,Q99729,HNRNPAB,24,
A0A075B6I1,0.912036531,4.82127E-05,0.001528229,A0A075B6I1,IGLV4-60,2,
P20674,1.002132656,0.077417446,0.245967317,P20674,COX5A,1,
Q9NQS7,0.010236594,0.981229527,0.988481778,Q9NQS7,INCENP,1,
Q96DH6,0.198811239,0.042401767,0.179483256,Q96DH6,MSI2,3,
P25705,0.423382311,0.010105916,0.07205552,P25705,ATP5F1A,15,
Q9Y2R5,0.57351344,0.037548869,0.169467248,Q9Y2R5,MRPS17,1,
P78347,0.704860165,0.000464866,0.009051608,P78347,GTF2I,4,
P52434,-0.169230013,0.526641195,0.705119793,P52434,POLR2H,1,
Q15393,0.035842204,0.267181291,0.49639936,Q15393,SF3B3,23,
Q9Y4F5,0.320413362,0.193813085,0.423840139,Q9Y4F5,CEP170B,6,
O60341,-0.411363624,0.214449009,0.441291158,O60341,KDM1A,1,
P83881,-0.050621182,0.4872448,0.677521051,P83881,RPL36A,5,
P40429,0.130968639,0.718492607,0.833451424,P40429,RPL13A,5,
P00734,0.685902426,0.01856206,0.10952419,P00734,F2,2,
P22670,-0.639317794,0.096358499,0.284895084,P22670,RFX1,7,
Q9UKV3,0.080936088,0.647854258,0.792302535,Q9UKV3,ACIN1,59,
Q96FV9,-0.057037394,0.31687186,0.540717722,Q96FV9,THOC1,14,
Q8IY17,-0.410710137,0.001536098,0.021584552,Q8IY17,PNPLA6,2,
O43809,0.124381279,0.483493686,0.674731677,O43809,NUDT21,8,
P54136,0.270629359,0.388587257,0.601185506,P54136,RARS,4,
P60174-1,0.664926823,0.014933789,0.092763548,P60174,TPI1,4,
Q5T7V8,0.64413687,0.008995799,0.067001495,Q5T7V8,GORAB,6,
Q8IVW1,0.79375311,0.666743491,0.806363246,Q8IVW1,ARL17A,1,
P05386,0.013272657,0.431265343,0.639624225,P05386,RPLP1,2,
O15234,0.092336191,0.531535848,0.707007322,O15234,CASC3,1,
Q9BTD8,0.327305502,0.352927409,0.574033482,Q9BTD8,RBM42,1,
Q92947,0.993490366,0.061681881,0.216651453,Q92947,GCDH,1,
P22087,0.121202469,0.474127235,0.668288957,P22087,FBL,6,
P36542,0.737494095,0.019307072,0.11126099,P36542,ATP5F1C,4,
Q9UPN3,0.000363636,0.623980687,0.773582198,Q9UPN3,MACF1,2,
Q01664,-1.129928914,0.000751972,0.013140221,Q01664,TFAP4,4,
P62269,0.373194936,0.062563509,0.217535875,P62269,RPS18,8,
P09661,0.132561067,0.162168292,0.381095487,P09661,SNRPA1,10,
Q8IY81,-0.415753146,0.003364346,0.039193188,Q8IY81,FTSJ3,5,
Q14151,-0.247521451,0.146658248,0.361474126,Q14151,SAFB2,28,
O43823,0.104468596,0.917578621,0.957914106,O43823,AKAP8,4,
P46776,0.16760027,0.184583557,0.41243834,P46776,RPL27A,6,
Q9UM54-6,0.146038788,0.33677833,0.558429275,Q9UM54,MYO6,12,
P09493-3,-0.918109002,0.361678089,0.580008499,P09493,TPM1,10,
O43172,-0.078410302,0.764574519,0.861964491,O43172,PRPF4,1,
P04196,0.79515978,0.054206002,0.205801619,P04196,HRG,1,
P78371,0.764806266,0.008396552,0.065397143,P78371,CCT2,5,
P17676,-0.043320002,0.857937016,0.921487907,P17676,CEBPB,1,
Q9H2H8,0.507394398,0.928077399,0.961634559,Q9H2H8,PPIL3,2,
Q14011,-0.051943417,0.903548675,0.951728628,Q14011,CIRBP,2,
O95831,0.529184499,7.85419E-05,0.002277716,O95831,AIFM1,5,
Q92841-3,-0.049965914,0.460533407,0.660744246,Q92841,DDX17,38,
Q9P258,-0.008377865,0.741771266,0.846762341,Q9P258,RCC2,2,
Q9NRP0,-0.077723778,0.789858773,0.878121948,Q9NRP0,OSTC,1,
Q9Y3B7,0.049835795,0.499638015,0.686218957,Q9Y3B7,MRPL11,2,
O14980,0.797965291,0.030873187,0.146111647,O14980,XPO1,2,
P62333,0.502006,0.158203727,0.377638668,P62333,PSMC6,1,
Q13547,-0.007369119,0.505656555,0.687913888,Q13547,HDAC1,7,
Q9NRW1,0.429899069,0.161348841,0.380481782,Q9NRW1,RAB6B,1,
Q8NC56,-0.671940869,0.006689329,0.057754508,Q8NC56,LEMD2,7,
P42285,0.384846399,0.030643277,0.145528874,P42285,MTREX,5,
P36578,-0.10051901,0.327804124,0.55160126,P36578,RPL4,14,
Q9BU76,0.377696524,0.507799557,0.688687359,Q9BU76,MMTAG2,2,
Q6DKI1,0.011195233,0.899662733,0.94872432,Q6DKI1,RPL7L1,2,
Q5T3I0,0.182833204,0.895082977,0.945734959,Q5T3I0,GPATCH4,2,
Q04726,0.747812146,0.361412332,0.580008499,Q04726,TLE3,3,
Q14444,0.268709979,0.056932581,0.210742839,Q14444,CAPRIN1,12,
Q92598,0.512186572,0.208366325,0.436928155,Q92598,HSPH1,4,
Q14839,-0.389531134,0.001710572,0.023387207,Q14839,CHD4,20,
P05141,0.899466103,0.095364129,0.282568062,P05141,SLC25A5,15,
Q9H000,0.23980811,0.144955676,0.359226521,Q9H000,MKRN2,1,
P46783,0.418102842,0.118931931,0.315850941,P46783,RPS10,7,
Q9Y5V3,-0.136696315,0.738343166,0.84355552,Q9Y5V3,MAGED1,2,
Q14676,-0.359076865,0.029944091,0.144176687,Q14676,MDC1,18,
P20618,0.065174399,0.989108512,0.992750296,P20618,PSMB1,1,
Q9H444,-0.068851379,0.840178926,0.90886022,Q9H444,CHMP4B,1,
Q9BUF5,0.634798124,0.350444192,0.571358174,Q9BUF5,TUBB6,7,
Q07020,0.039021541,0.954640356,0.976853396,Q07020,RPL18,6,
Q92499,0.091863595,0.703911806,0.824552906,Q92499,DDX1,5,
Q9UQE7,0.411980795,0.000808755,0.013443087,Q9UQE7,SMC3,14,
Q96T37,-0.021109886,0.324688348,0.547710666,Q96T37,RBM15,6,
P54886,0.569596304,0.008870342,0.067001495,P54886,ALDH18A1,3,
Q9BWJ5,0.014769837,0.963611954,0.980385234,Q9BWJ5,SF3B5,1,
O60573,0.965354923,0.084330957,0.260052251,O60573,EIF4E2,2,
P04003,0.98867945,0.01497284,0.092763548,P04003,C4BPA,2,
Q9H9B1,-0.09166103,0.617133128,0.768585354,Q9H9B1,EHMT1,1,
P49810,0.306079703,0.813750613,0.892664254,P49810,PSEN2,1,
Q7Z7K6,-0.119247805,0.618747516,0.768781098,Q7Z7K6,CENPV,6,
P68104,0.407721714,0.011740272,0.078441131,P68104,EEF1A1,17,
O43447,0.175060845,0.523693557,0.703245634,O43447,PPIH,1,
Q03252,0.340139606,0.002604862,0.031985833,Q03252,LMNB2,28,
P62888,0.041700635,0.299896474,0.522709583,P62888,RPL30,5,
Q6P1L8,0.758181269,0.00348427,0.039908065,Q6P1L8,MRPL14,2,
O95159,0.505187461,0.386679026,0.6003573,O95159,ZFPL1,1,
Q9Y6J9,0.010716133,0.531681956,0.707007322,Q9Y6J9,TAF6L,4,
Q6PKG0,0.372043553,0.040905791,0.177562397,Q6PKG0,LARP1,12,
O14950,0.265766878,0.222671029,0.454303819,O14950,MYL12B,17,
Q86U42,-0.20543774,0.699669084,0.824249928,Q86U42,PABPN1,10,
P50991,0.092012619,0.515171374,0.696605737,P50991,CCT4,6,
P62633,0.600196667,0.261842805,0.490910238,P62633,CNBP,1,
Q13315,0.774539124,0.494021032,0.683340198,Q13315,ATM,1,
Q96A33,0.493162927,0.024143446,0.125601207,Q96A33,CCDC47,1,
Q9H0D6,0.290377048,0.40063165,0.61493349,Q9H0D6,XRN2,14,
O43390-2,0.092024893,0.89304421,0.945258646,O43390,HNRNPR,39,
P06746,-0.410380361,0.011953947,0.079448866,P06746,POLB,2,
P62805,-0.346773445,0.002234939,0.028469367,P62805,HIST1H4A,60,
P04844,0.376264936,0.058541206,0.210742839,P04844,RPN2,5,
Q96HS1,-0.078159092,0.381270114,0.595887213,Q96HS1,PGAM5,10,
P20585,-0.086668109,0.690135406,0.818672375,P20585,MSH3,1,
O14770,-0.793559903,0.145942587,0.36036186,O14770,MEIS2,1,
Q13330,-0.34703514,0.601778917,0.758999577,Q13330,MTA1,3,
P47914,0.419567865,0.243243194,0.474863232,P47914,RPL29,2,
Q8NDT2,-0.000252066,0.987963235,0.992331532,Q8NDT2,RBM15B,1,
Q9Y285,0.141293093,0.405399199,0.617400188,Q9Y285,FARSA,2,
Q9UBZ9,0.046160532,0.617925302,0.768585354,Q9UBZ9,REV1,1,
O15235,0.830745919,0.189991151,0.419704926,O15235,MRPS12,1,
Q9H7B2,-0.117660452,0.456057418,0.659179492,Q9H7B2,RPF2,1,
O95251,-0.21149017,0.398329132,0.612088621,O95251,KAT7,2,
P22061,1.026511575,0.015987101,0.097924406,P22061,PCMT1,4,
Q8WUD4,-0.039855485,0.494331207,0.683340198,Q8WUD4,CCDC12,4,
P46782,0.276273007,0.214738958,0.441291158,P46782,RPS5,6,
Q96E39,-0.030097093,0.57363503,0.738304575,Q96E39,RBMXL1,31,
P15531,0.745024057,0.00891775,0.067001495,P15531,NME1,4,
Q96SN8,1.292860985,0.041422528,0.178600698,Q96SN8,CDK5RAP2,7,
P12277,0.392135166,0.069599154,0.230057178,P12277,CKB,6,
Q9Y224,0.334889405,0.01379488,0.087048248,Q9Y224,RTRAF,6,
Q86WG5,0.50005852,0.023731228,0.125601207,Q86WG5,SBF2,1,
P61254,0.024713649,0.387749954,0.600571804,P61254,RPL26,6,
Q9P2N5,-0.097198249,0.286674313,0.516165242,Q9P2N5,RBM27,5,
P39656,0.70782843,0.022886259,0.123296326,P39656,DDOST,5,
P30101,-0.550613907,0.10076817,0.287539589,P30101,PDIA3,1,
P62993,0.299521715,0.349160422,0.569946892,P62993,GRB2,1,
Q16531,-0.009722804,0.74811069,0.850437757,Q16531,DDB1,8,
O95782,1.199658087,0.01982347,0.11305184,O95782,AP2A1,1,
Q14781,-0.416354545,0.552451009,0.723422002,Q14781,CBX2,1,
P82921,1.221320063,0.012099293,0.079668291,P82921,MRPS21,1,
Q9UHA4,0.522839213,0.602797731,0.758999577,Q9UHA4,LAMTOR3,1,
O15371,0.224139909,0.234617636,0.46619771,O15371,EIF3D,1,
Q9NVP1,-0.143341412,0.412463973,0.623960483,Q9NVP1,DDX18,4,
P40938,-0.37146222,0.296611167,0.522709583,P40938,RFC3,4,
P01579,0.621603436,0.215303463,0.441291158,P01579,IFNG,1,
P61247,0.144351032,0.044593249,0.185306702,P61247,RPS3A,20,
Q99848,-0.377659019,0.099024111,0.287539589,Q99848,EBNA1BP2,3,
P80303,0.991403121,0.00924917,0.068143888,P80303,NUCB2,2,
P35580,0.167156229,0.298010591,0.522709583,P35580,MYH10,98,
Q8NHQ9,0.079706439,0.661621311,0.801938528,Q8NHQ9,DDX55,1,
Q12905,0.150981855,0.348027047,0.568778016,Q12905,ILF2,14,
P51114,0.469855439,0.058442976,0.210742839,P51114,FXR1,7,
P48643,0.312593498,0.344272782,0.565604975,P48643,CCT5,4,
Q99623,0.725568209,0.000196999,0.004794821,Q99623,PHB2,10,
P12270,0.83881489,0.083705851,0.25879836,P12270,TPR,1,
O14497,-0.715603097,0.367452109,0.584039963,O14497,ARID1A,1,
O75143,-0.049757904,0.852481384,0.917073502,O75143,ATG13,1,
Q4VCS5,0.431111312,0.001074371,0.016667017,Q4VCS5,AMOT,22,
P45880,0.605753903,0.046254697,0.189895036,P45880,VDAC2,9,
Q03113,0.463771903,0.328258515,0.551684779,Q03113,GNA12,1,
P35659,-0.668318097,0.355037093,0.576776589,P35659,DEK,3,
Q15554,0.115269803,0.100857132,0.287539589,Q15554,TERF2,8,
Q969G3,-0.458110616,0.343320696,0.565152305,Q969G3,SMARCE1,2,
O95232,-0.101245972,0.405999416,0.617400188,O95232,LUC7L3,10,
P78406,0.431361527,0.053239798,0.205039528,P78406,RAE1,6,
Q9Y399,0.396240318,0.46220888,0.662119176,Q9Y399,MRPS2,1,
Q16630,0.261513166,0.201525399,0.431885407,Q16630,CPSF6,6,
O14490,1.02942321,0.133823656,0.343323425,O14490,DLGAP1,1,
P47897,-0.734054413,0.458651814,0.660744246,P47897,QARS,1,
Q9HCS7,0.04170729,0.259864941,0.488546088,Q9HCS7,XAB2,6,
P30050,0.049779974,0.64012385,0.786671183,P30050,RPL12,6,
Q9NWB6,-0.104823223,0.402734704,0.616080137,Q9NWB6,ARGLU1,6,
Q15293,0.718669355,0.568004766,0.73313494,Q15293,RCN1,2,
P06733,0.620274211,0.00107608,0.016667017,P06733,ENO1,11,
Q13427,-0.366092565,0.117667084,0.315649186,Q13427,PPIG,12,
Q7RTV0,0.02857595,0.602820129,0.758999577,Q7RTV0,PHF5A,3,
Q8N1F7,0.506779233,0.001388417,0.020348522,Q8N1F7,NUP93,14,
Q92900,0.716294226,0.000359144,0.007306165,Q92900,UPF1,20,
P52756,0.260797621,0.041194822,0.178249342,P52756,RBM5,1,
Q9HCD5,-0.088724726,0.981072881,0.988481778,Q9HCD5,NCOA5,10,
Q15459,-0.000752297,0.694349916,0.820355748,Q15459,SF3A1,21,
Q15651,-1.599994189,0.006117981,0.055592051,Q15651,HMGN3,1,
P62979,-0.549119319,0.466823386,0.664175653,P62979,RPS27A,18,
P30049,0.135220047,0.529832622,0.707007322,P30049,ATP5F1D,1,
Q12874,-0.001484644,0.820615504,0.897671695,Q12874,SF3A3,10,
Q14677,0.898599303,0.19764284,0.42987938,Q14677,CLINT1,2,
Q00325,0.448313294,0.05128013,0.202008143,Q00325,SLC25A3,3,
Q9BQE5,1.582229882,0.077030138,0.245308592,Q9BQE5,APOL2,1,
P32969,0.393793539,0.481125143,0.673909523,P32969,RPL9,3,
O00159,0.624239207,0.00376469,0.041717668,O00159,MYO1C,13,
P16220,-1.135553173,0.022544844,0.122914488,P16220,CREB1,5,
Q9BZL1,-0.23329207,0.38430179,0.598632388,Q9BZL1,UBL5,2,
P09874,-0.709741449,4.39623E-06,0.000193292,P09874,PARP1,111,
P07814,0.862410154,0.078589885,0.248533674,P07814,EPRS,3,
Q8NCA5,0.048298658,0.974194926,0.985035374,Q8NCA5,FAM98A,1,
Q71RC2,0.0757349,0.786158494,0.875436297,Q71RC2,LARP4,1,
P57105,1.160223378,0.011299405,0.076622336,P57105,SYNJ2BP,2,
P54198,0.962505406,0.134004448,0.343323425,P54198,HIRA,3,
P62847,0.143004504,0.10894013,0.299970501,P62847,RPS24,7,
Q92922,0.237053846,0.672749325,0.809318032,Q92922,SMARCC1,8,
Q8WXE1,0.791455007,0.004283571,0.045613341,Q8WXE1,ATRIP,4,
P13861,1.108189295,0.005733277,0.05406919,P13861,PRKAR2A,2,
P05023,0.121131422,0.592804434,0.749529169,P05023,ATP1A1,6,
P68133,0.464835936,0.250867869,0.480080163,P68133,ACTA1,75,
P00505,0.430041492,0.373500893,0.587854177,P00505,GOT2,1,
Q05D32,-0.198849943,0.074212878,0.239697044,Q05D32,CTDSPL2,2,
O00566,-0.223061097,0.557551532,0.726522694,O00566,MPHOSPH10,1,
O75940,0.017570805,0.768468348,0.865638313,O75940,SMNDC1,2,
Q14562,-0.055514768,0.4483935,0.65114129,Q14562,DHX8,4,
P18124,0.194675268,0.058691753,0.210742839,P18124,RPL7,11,
P14174,-0.221341276,0.716103199,0.831387274,P14174,MIF,1,
O75190,0.755827803,0.12564304,0.327925392,O75190,DNAJB6,2,
P61204,0.045096173,0.910105009,0.954210098,P61204,ARF3,1,
P11387,-0.368846491,0.034455654,0.1591968,P11387,TOP1,27,
Q9BSD7,0.734656789,0.018987024,0.11059536,Q9BSD7,NTPCR,1,
P07477,0.759122427,0.038736569,0.171963855,P07477,PRSS1,2,
Q7L804,0.768106298,0.087813599,0.266570013,Q7L804,RAB11FIP2,2,
O95793,0.353674479,0.180501266,0.407323221,O95793,STAU1,7,
Q9H1D9,0.025893518,0.912680026,0.955439996,Q9H1D9,POLR3F,1,
Q96N67,0.412682022,0.028267228,0.139595041,Q96N67,DOCK7,5,
P35247,-0.519662633,0.360910402,0.580008499,P35247,SFTPD,1,
Q5T3J3,-0.359022433,0.501681363,0.686218957,Q5T3J3,LRIF1,1,
P30153,0.488641383,0.191235709,0.420626095,P30153,PPP2R1A,1,
Q9UKM9,-0.070374791,0.972531121,0.985035374,Q9UKM9,RALY,13,
Q15287,-0.29553629,0.000664007,0.011908438,Q15287,RNPS1,10,
O00422,-0.278096373,0.153733215,0.370934422,O00422,SAP18,22,
P31947,0.859069518,0.021469615,0.118955633,P31947,SFN,4,
Q02809,0.12906101,0.811252242,0.891796599,Q02809,PLOD1,1,
Q9Y294,-0.298498411,0.278724376,0.507932433,Q9Y294,ASF1A,1,
O60832,-0.224126761,0.419665349,0.630654764,O60832,DKC1,2,
P62841,0.053016774,0.527870589,0.70607224,P62841,RPS15,5,
P41252,0.654418752,0.010104854,0.07205552,P41252,IARS,3,
O43818,-0.401923154,0.09945586,0.287539589,O43818,RRP9,1,
P27708,1.279543853,1.37187E-11,3.11643E-09,P27708,CAD,15,
Q9Y3F4,0.752926616,0.061187626,0.216112563,Q9Y3F4,STRAP,2,
O95983,-0.197947662,0.750642665,0.851186316,O95983,MBD3,3,
P78362,-0.914778417,0.200129343,0.431799555,P78362,SRPK2,1,
Q13263,0.444678457,0.101774759,0.288997909,Q13263,TRIM28,4,
P84098,0.145864823,0.04307867,0.181164041,P84098,RPL19,9,
O75152,-0.008532556,0.44353721,0.648649374,O75152,ZC3H11A,15,
O95777,0.236695137,0.007170089,0.059714383,O95777,LSM8,2,
Q0ZGT2,0.710190018,0.086708743,0.264447354,Q0ZGT2,NEXN,2,
Q96PK6,0.086695972,0.953169681,0.976853396,Q96PK6,RBM14,18,
P52948,0.636393817,0.016999089,0.102976704,P52948,NUP98,5,
P21796,0.652747835,0.005192755,0.05148348,P21796,VDAC1,10,
P63151,-0.058139839,0.863248458,0.925902656,P63151,PPP2R2A,1,
Q5QJE6,-1.186892124,0.000689727,0.012209066,Q5QJE6,DNTTIP2,1,
A0FGR8-2,0.250664419,0.153762251,0.370934422,A0FGR8,ESYT2,2,
O00571,0.071570293,0.147633297,0.363220547,O00571,DDX3X,22,
Q92734,0.996746812,0.004377114,0.046248115,Q92734,TFG,1,
B7ZAP0,0.719795873,0.055709281,0.209756215,B7ZAP0,RABGAP1L,1,
O15078,0.937264282,0.016093226,0.097924406,O15078,CEP290,2,
P06576,0.674519319,0.232008939,0.46367769,P06576,ATP5F1B,3,
Q9Y3U8,0.096191481,0.722925081,0.834332671,Q9Y3U8,RPL36,5,
P0C0L4,0.994200961,0.000228729,0.005391266,P0C0L4,C4A,8,
P55265,0.063828877,0.342671504,0.564765732,P55265,ADAR,21,
P16402,-0.511215075,0.064576519,0.220044489,P16402,HIST1H1D,58,
Q9BV38,0.206004418,0.481058818,0.673909523,Q9BV38,WDR18,3,
Q9BQ67,0.037393812,0.996401775,0.99859972,Q9BQ67,GRWD1,1,
P56182,0.244337055,0.102834132,0.290794443,P56182,RRP1,2,
Q9C0J8,0.184504109,0.464406407,0.662119176,Q9C0J8,WDR33,4,
P00738,0.710916747,0.000499696,0.009398306,P00738,HP,2,
Q9NW64,0.028793207,0.934783818,0.966699805,Q9NW64,RBM22,7,
Q9H8G2,0.120514555,0.538421872,0.713186599,Q9H8G2,CAAP1,3,
Q6I9Y2,-0.173279678,0.138929707,0.351552914,Q6I9Y2,THOC7,8,
P10515,1.311800346,0.053466769,0.205049422,P10515,DLAT,1,
Q96PV0,-0.008945066,0.974039783,0.985035374,Q96PV0,SYNGAP1,1,
O15042,-0.109938851,0.702512676,0.824552906,O15042,U2SURP,15,
P25205,0.183971437,0.892890487,0.945258646,P25205,MCM3,3,
Q8N9T8,-0.209715782,0.203534184,0.432809813,Q8N9T8,KRI1,2,
Q7Z5P9,1.569890178,0.280264658,0.509334306,Q7Z5P9,MUC19,1,
Q9GZT3,0.668267371,0.078047798,0.247393369,Q9GZT3,SLIRP,1,
P50914,-0.042532975,0.817626155,0.89583959,P50914,RPL14,6,
Q9Y6J0,-0.280750987,0.709908653,0.825922996,Q9Y6J0,CABIN1,2,
Q9UKS6,-0.74639404,0.165745447,0.385513727,Q9UKS6,PACSIN3,1,
Q14694,0.779197941,0.042237912,0.179346648,Q14694,USP10,1,
Q9H0S4,-0.753720496,0.329992728,0.552169293,Q9H0S4,DDX47,1,
P07355,0.193455194,0.922830932,0.95848373,P07355,ANXA2,5,
P27635,0.086909213,0.610015485,0.762896931,P27635,RPL10,13,
P28370,-0.546787782,0.076083358,0.242860931,P28370,SMARCA1,12,
O43707,0.454119016,0.12140156,0.319873277,O43707,ACTN4,12,
Q6ZU65,-0.527053459,0.237564145,0.469692139,Q6ZU65,UBN2,6,
Q5BKZ1,-0.131032811,0.362341068,0.580341804,Q5BKZ1,ZNF326,8,
Q9NR12,0.491227743,0.229561751,0.460813942,Q9NR12,PDLIM7,1,
P63173,0.364372328,0.118830781,0.315850941,P63173,RPL38,10,
P11388,-0.270814522,0.062777053,0.217722961,P11388,TOP2A,31,
P52907,0.354074885,0.460134792,0.660744246,P52907,CAPZA1,7,
P78316,-0.227464118,0.626527022,0.774212449,P78316,NOP14,1,
P61604,0.412758308,0.042221592,0.179346648,P61604,HSPE1,9,
Q96QD9,-0.12238427,0.291758413,0.521188357,Q96QD9,FYTTD1,3,
Q9NQG5,0.5270139,0.356088804,0.577109441,Q9NQG5,RPRD1B,2,
P62995,0.017725475,0.191275001,0.420626095,P62995,TRA2B,16,
Q96MX3,-1.524931023,0.257458442,0.486033043,Q96MX3,ZNF48,1,
P41223,0.107177925,0.581342092,0.744782469,P41223,BUD31,5,
Q8N257,-0.347788638,4.36481E-06,0.000193292,Q8N257,HIST3H2BB,72,
P04406,0.716996781,0.00215271,0.027944225,P04406,GAPDH,5,
Q96PV6-2,0.093459911,0.609805688,0.762896931,Q96PV6,LENG8,2,
Q13111,-0.574248605,0.072027348,0.234918238,Q13111,CHAF1A,2,
P61026,0.873873152,0.128509363,0.333634785,P61026,RAB10,3,
O00505,0.807937072,0.040296084,0.175474642,O00505,KPNA3,2,
O15392,-0.097425976,0.778758819,0.872689378,O15392,BIRC5,1,
P49755,0.521490205,0.292379541,0.521614286,P49755,TMED10,3,
P23588,0.172983342,0.255975531,0.485694853,P23588,EIF4B,2,
P62714,0.426249771,0.440538493,0.646344419,P62714,PPP2CB,1,
Q9UNW9,-0.467140262,0.25319549,0.481318624,Q9UNW9,NOVA2,2,
Q16891,0.979583168,1.21011E-07,9.16319E-06,Q16891,IMMT,25,
P30260,0.236369645,0.465675805,0.663235238,P30260,CDC27,3,
Q16698,0.609196064,0.164231598,0.383552533,Q16698,DECR1,1,
P23396,0.344108931,0.047339452,0.19318465,P23396,RPS3,19,
O75323,-0.134064787,0.693229685,0.820201442,O75323,NIPSNAP2,1,
Q7Z6I8,-0.348786461,0.360878752,0.580008499,Q7Z6I8,C5orf24,3,
P20042,0.451922336,0.006223217,0.056173809,P20042,EIF2S2,2,
Q06830,0.435847458,0.002464441,0.030816816,Q06830,PRDX1,11,
O60884,0.350513359,0.100453957,0.287539589,O60884,DNAJA2,2,
Q96DI7,0.00449837,0.588961916,0.748140812,Q96DI7,SNRNP40,6,
Q9BY77-2,0.052543768,0.752815811,0.852533063,Q9BY77,POLDIP3,14,
Q9UNL2,0.514840616,0.150908906,0.368213437,Q9UNL2,SSR3,1,
Q5RHP9,0.328457225,0.673996352,0.809528461,Q5RHP9,ERICH3,1,
Q06033,0.778299929,0.000263229,0.005881661,Q06033,ITIH3,4,
P02787,0.824294941,0.034240633,0.15874144,P02787,TF,4,
O75475,-0.69631047,0.024012539,0.125601207,O75475,PSIP1,10,
O75643,-0.001397016,0.919073228,0.957914106,O75643,SNRNP200,57,
O95292,0.770310697,0.018470972,0.10952419,O95292,VAPB,15,
P33991,-0.037925335,0.918527026,0.957914106,P33991,MCM4,2,
Q14247,0.282763828,0.418234042,0.630654764,Q14247,CTTN,1,
P68371,0.721965707,0.005752041,0.05406919,P68371,TUBB4B,18,
P62753,0.153517722,0.609004613,0.762896931,P62753,RPS6,13,
P62879,0.121597931,0.825853313,0.900576268,P62879,GNB2,5,
P41250,-0.448389353,0.709775971,0.825922996,P41250,GARS,2,
Q13435,-0.007048915,0.908344544,0.953427296,Q13435,SF3B2,23,
P83876,0.349222377,0.346786418,0.567852058,P83876,TXNL4A,2,
P42677,0.381078729,0.309286809,0.530929371,P42677,RPS27,6,
O95202,0.494925695,0.470732523,0.667481867,O95202,LETM1,1,
Q13838,-0.000280421,0.809311405,0.891027015,Q13838,DDX39B,11,
Q15366,0.152507971,0.501455676,0.686218957,Q15366,PCBP2,11,
Q14980-2,-0.31389792,0.009099426,0.067404988,Q14980,NUMA1,63,
P82914,0.583832712,0.099192105,0.287539589,P82914,MRPS15,3,
Q7Z4V5,0.101500058,0.367422806,0.584039963,Q7Z4V5,HDGFL2,2,
P24534,0.628352561,0.047975624,0.194871837,P24534,EEF1B2,3,
P11177,0.20708736,0.523530218,0.703245634,P11177,PDHB,2,
Q15154,1.304917133,1.46116E-07,1.04819E-05,Q15154,PCM1,15,
O95619,0.064658663,0.843296147,0.910786568,O95619,YEATS4,2,
O75477,0.379280695,0.006668597,0.057754508,O75477,ERLIN1,7,
Q15906,-0.251335509,0.624859062,0.773582198,Q15906,VPS72,2,
P55072,0.547883475,0.008392518,0.065397143,P55072,VCP,4,
O60216,0.446079009,0.173376641,0.397266876,O60216,RAD21,1,
P05114,-1.539432927,1.57331E-05,0.000579575,P05114,HMGN1,3,
Q16718,0.474658656,0.389719731,0.601707729,Q16718,NDUFA5,1,
P55769,0.092673565,0.421158813,0.632202051,P55769,SNU13,3,
Q9UGN5,-0.432161203,0.017385605,0.104390217,Q9UGN5,PARP2,2,
Q9NPF5,-0.711043069,0.200586398,0.431799555,Q9NPF5,DMAP1,1,
P27797,0.511649131,0.09834211,0.287539589,P27797,CALR,2,
Q9Y281,0.337507538,0.501758779,0.686218957,Q9Y281,CFL2,4,
Q9HAF1,-0.133599826,0.590207856,0.749025427,Q9HAF1,MEAF6,1,
Q9BUQ8,0.104883759,0.603078901,0.758999577,Q9BUQ8,DDX23,6,
P16989,0.055861858,0.479558939,0.673160488,P16989,YBX3,4,
P35579,0.355151125,0.089390656,0.269526279,P35579,MYH9,127,
P35268,0.136623926,0.773391461,0.869029316,P35268,RPL22,5,
P05496,0.599208281,0.050631812,0.202008143,P05496,ATP5MC1,2,
O75489,0.570410137,0.054500192,0.206343782,O75489,NDUFS3,1,
Q9NPA8,0.791206053,0.012377576,0.081108827,Q9NPA8,ENY2,1,
P02545,-0.121391817,0.87579811,0.934779032,P02545,LMNA,22,
Q9UBB9,-0.068468694,0.807480208,0.891027015,Q9UBB9,TFIP11,5,
Q15424,-0.30716655,0.172519299,0.397202372,Q15424,SAFB,33,
P27694,-0.075094131,0.904652838,0.952155845,P27694,RPA1,11,
P23284,0.242620547,0.517255963,0.697349038,P23284,PPIB,1,
O00425,0.433497767,0.000169318,0.004283024,O00425,IGF2BP3,21,
P07737,0.582877286,0.053878782,0.20513067,P07737,PFN1,1,
P36957,0.51638458,0.389807721,0.601707729,P36957,DLST,1,
Q9P0M6,-0.263268888,0.823928008,0.899850861,Q9P0M6,H2AFY2,7,
Q9Y520,1.128089174,0.041669128,0.178600698,Q9Y520,PRRC2C,1,
Q15738,0.087375092,0.885225228,0.941199141,Q15738,NSDHL,1,
P35222,0.307319553,0.136566308,0.347925006,P35222,CTNNB1,2,
Q6P6C2,-0.362392444,0.29174081,0.521188357,Q6P6C2,ALKBH5,1,
Q13185,-0.483044593,0.012007679,0.079448866,Q13185,CBX3,16,
Q9UKJ3,0.301124956,0.209422504,0.437958263,Q9UKJ3,GPATCH8,3,
P02751,0.911688097,0.05230118,0.20431944,P02751,FN1,2,
P07900,0.789727869,9.82308E-06,0.000382539,P07900,HSP90AA1,16,
Q14692,-0.050187892,0.905590814,0.952407623,Q14692,BMS1,1,
P49411,0.348400915,0.005694174,0.05406919,P49411,TUFM,17,
Q9UII2,0.618345849,0.105838622,0.294404167,Q9UII2,ATP5IF1,2,
P19388,-0.102072919,0.335507476,0.556999622,P19388,POLR2E,4,
P61619,0.232854095,0.311562279,0.533491691,P61619,SEC61A1,1,
Q99873,0.216079306,0.345296245,0.566352325,Q99873,PRMT1,6,
Q15029,0.031082938,0.797810448,0.881926715,Q15029,EFTUD2,30,
P10909,0.287920108,0.454276625,0.65730259,P10909,CLU,1,
Q9BWW4,0.029614852,0.96984251,0.984285437,Q9BWW4,SSBP3,2,
Q9Y580,-0.199515663,0.433864895,0.642082358,Q9Y580,RBM7,1,
Q9Y6K1,-0.293814671,0.022720709,0.123296326,Q9Y6K1,DNMT3A,2,
Q6ZRS2,0.722072181,0.030024296,0.144176687,Q6ZRS2,SRCAP,1,
O75822,1.006134547,0.010317768,0.072414579,O75822,EIF3J,1,
Q9NZI7,0.029799524,0.835563504,0.906024706,Q9NZI7,UBP1,5,
O75367,-0.571850201,0.005434998,0.053294258,O75367,H2AFY,24,
P19784,0.888853779,0.003463688,0.039908065,P19784,CSNK2A2,12,
Q6NZY4,0.064452334,0.81131899,0.891796599,Q6NZY4,ZCCHC8,1,
P04075,0.847794156,0.00144404,0.020824963,P04075,ALDOA,4,
Q8WUQ7,-0.055271852,0.789060036,0.877950064,Q8WUQ7,CACTIN,1,
P62906,0.270662023,0.109651763,0.301321276,P62906,RPL10A,8,
P17844,-0.105677061,0.53061458,0.707007322,P17844,DDX5,36,
Q49A26,0.092537647,0.857830531,0.921487907,Q49A26,GLYR1,2,
O60934,-0.650136552,0.207045362,0.436846484,O60934,NBN,1,
P09972,0.892460064,0.02843961,0.139939306,P09972,ALDOC,3,
P62987,-0.424270012,0.198262763,0.42987938,P62987,UBA52,17,
P40926,0.69685917,0.149944302,0.367579288,P40926,MDH2,2,
P16104,-0.381640089,0.199337261,0.431264583,P16104,H2AFX,22,
Q12904,0.497802743,0.187778327,0.416165625,Q12904,AIMP1,2,
Q96FJ2,1.106425622,0.058124136,0.210742839,Q96FJ2,DYNLL2,1,
P62424,0.121177604,0.121892225,0.319918286,P62424,RPL7A,13,
P60866,0.189702533,0.294604687,0.521674402,P60866,RPS20,7,
Q8IXT5,-0.230121563,0.592114672,0.749529169,Q8IXT5,RBM12B,5,
Q9Y4A5,0.015367569,0.566957477,0.732724407,Q9Y4A5,TRRAP,4,
Q9BY78,0.712671167,0.160213088,0.379499071,Q9BY78,RNF26,1,
Q01082,0.312892183,0.04610076,0.18983485,Q01082,SPTBN1,60,
P01602,0.474991553,0.427333232,0.636563055,P01602,IGKV1-5,1,
P60468,-0.062698792,0.784581982,0.874395128,P60468,SEC61B,1,
O60814,-0.642751411,0.814073124,0.892664254,O60814,HIST1H2BK,75,
P43307,0.346606748,0.091096423,0.272888846,P43307,SSR1,1,
Q9UNP9,-0.072385397,0.51632388,0.696781632,Q9UNP9,PPIE,2,
P26378,-0.03023339,0.70831901,0.825922996,P26378,ELAVL4,2,
Q8N567,-0.410630784,0.14545245,0.359803428,Q8N567,ZCCHC9,1,
Q9Y4W2,0.280674225,0.758461634,0.857200006,Q9Y4W2,LAS1L,1,
O43684,0.162754086,0.141080149,0.354437463,O43684,BUB3,4,
P52294,0.633694887,0.283421278,0.51301886,P52294,KPNA1,1,
Q96SI9,0.214511937,0.530973113,0.707007322,Q96SI9,STRBP,5,
Q9UNX3,0.251863045,0.485188484,0.675497348,Q9UNX3,RPL26L1,6,
Q6Y1H2,0.07803367,0.727315508,0.837155759,Q6Y1H2,HACD2,1,
P62244,0.065911948,0.370529304,0.58656381,P62244,RPS15A,7,
Q05481,-1.033790425,0.005918779,0.055255453,Q05481,ZNF91,1,
Q2TAY7,0.121230045,0.661687531,0.801938528,Q2TAY7,SMU1,13,
P61289,0.857823863,0.000510253,0.009398306,P61289,PSME3,1,
Q9NV06,-0.488149554,0.310438389,0.532235879,Q9NV06,DCAF13,1,
Q9UN86,0.464560521,0.004130578,0.04468236,Q9UN86,G3BP2,5,
O95391,-0.204365751,0.447260417,0.650604,O95391,SLU7,1,
Q9UJZ1,0.520252322,0.007025149,0.059106651,Q9UJZ1,STOML2,4,
Q8NFW8,0.124327609,0.78192611,0.873578105,Q8NFW8,CMAS,2,
Q9Y230,-0.026346927,0.554683085,0.724169583,Q9Y230,RUVBL2,11,
Q96SB8,0.120501743,0.505403006,0.687913888,Q96SB8,SMC6,2,
Q5JTH9,-0.446797652,0.023773351,0.125601207,Q5JTH9,RRP12,3,
P61513,0.426961402,0.710184704,0.825922996,P61513,RPL37A,3,
Q16637,0.599211116,0.006114739,0.055592051,Q16637,SMN1,1,
Q9Y5S9-2,-0.252068393,0.134685684,0.344421366,Q9Y5S9,RBM8A,11,
Q9BUJ2,-0.153222056,0.747381529,0.850318051,Q9BUJ2,HNRNPUL1,6,
Q9ULI0,-1.172430816,0.051648183,0.20287168,Q9ULI0,ATAD2B,1,
Q13283,0.463412594,0.038859037,0.171963855,Q13283,G3BP1,2,
Q9BY89,0.203434462,0.835146596,0.906024706,Q9BY89,KIAA1671,2,
P17096,-1.114846274,0.000249999,0.005720433,P17096,HMGA1,9,
Q92879,0.284489937,0.005671889,0.05406919,Q92879,CELF1,1,
P27986,0.563271123,0.043197589,0.181164041,P27986,PIK3R1,2,
P61927,-0.177978028,0.08127799,0.254086927,P61927,RPL37,2,
Q9BVP2,-0.052899899,0.997581342,0.999047295,Q9BVP2,GNL3,8,
O15550,-0.280017945,0.173421711,0.397266876,O15550,KDM6A,1,
Q6UB35,0.645317123,0.021840214,0.120519073,Q6UB35,MTHFD1L,3,
Q16576,-0.084352165,0.781795981,0.873578105,Q16576,RBBP7,8,
P30084,0.501129197,0.098790143,0.287539589,P30084,ECHS1,2,
P59190,1.1954847,0.003711219,0.041462226,P59190,RAB15,2,
Q92615,-0.2777503,0.112283934,0.304866537,Q92615,LARP4B,2,
P46087-2,-0.157459769,0.907226039,0.953391744,P46087,NOP2,4,
Q8WVV9,0.109312237,0.726500079,0.837041088,Q8WVV9,HNRNPLL,5,
Q9UET6,0.083955159,0.682933226,0.817241429,Q9UET6,FTSJ1,1,
P11142,0.518471038,0.000507412,0.009398306,P11142,HSPA8,60,
Q9H4L4,0.512793646,0.435590704,0.643400353,Q9H4L4,SENP3,1,
Q9H2U1,-0.021506684,0.958067585,0.976853396,Q9H2U1,DHX36,1,
O60762,0.149554324,0.064055073,0.219773078,O60762,DPM1,1,
Q07065,0.470738616,0.000491896,0.009398306,Q07065,CKAP4,16,
P62312,-0.104679563,0.70960687,0.825922996,P62312,LSM6,1,
P41208,-0.042287708,0.728855436,0.837155759,P41208,CETN2,3,
O15226,0.020741274,0.949370979,0.975910513,O15226,NKRF,13,
Q86U70,0.153949779,0.521820253,0.702807317,Q86U70,LDB1,1,
Q9UK45,-0.09137619,0.221901996,0.453451905,Q9UK45,LSM7,2,
Q5SNT2,-0.301747822,0.169619005,0.391185625,Q5SNT2,TMEM201,2,
P52597,0.237680374,0.563107491,0.730622841,P52597,HNRNPF,14,
Q9UKX7,0.496616408,0.060595602,0.2156444,Q9UKX7,NUP50,4,
P62917,0.082525345,0.381665104,0.595887213,P62917,RPL8,11,
Q08945,-0.347662593,0.027788541,0.137805539,Q08945,SSRP1,18,
Q99497,0.860262076,0.024813026,0.127270113,Q99497,PARK7,1,
P62873,0.09064451,0.987702477,0.992331532,P62873,GNB1,7,
Q12931,0.545320196,6.39425E-06,0.000256334,Q12931,TRAP1,3,
Q69YN4,0.031613949,0.779850082,0.872689378,Q69YN4,VIRMA,8,
P62273,0.786260496,0.439821853,0.645988346,P62273,RPS29,1,
Q8WUY1,-0.239230168,0.282478716,0.512674421,Q8WUY1,THEM6,4,
Q02818,0.39702496,0.023629731,0.125601207,Q02818,NUCB1,5,
P56589,1.517163186,0.000781672,0.013317739,P56589,PEX3,2,
Q16777,-0.271821184,0.919458142,0.957914106,Q16777,HIST2H2AC,21,
P46779,0.130757075,0.227815634,0.458659836,P46779,RPL28,8,
Q92576,0.273870655,0.39586761,0.609523137,Q92576,PHF3,2,
P28347,0.036320587,0.95758912,0.976853396,P28347,TEAD1,1,
Q96GA3,0.943328475,0.037093326,0.167967452,Q96GA3,LTV1,1,
P84243,-0.07290003,0.52876383,0.706573627,P84243,H3F3A,22,
Q9NU22,0.328061864,0.02648522,0.134198347,Q9NU22,MDN1,7,
Q15773,0.703040524,0.117842227,0.315649186,Q15773,MLF2,1,
P13645,0.860803065,0.053253113,0.205039528,P13645,KRT10,21,
P15880,0.056848879,0.669316354,0.807334215,P15880,RPS2,19,
P62263,-0.04465263,0.496522708,0.685674216,P62263,RPS14,7,
P42167,-0.289043546,0.034703029,0.15979807,P42167,TMPO,17,
Q5T1M5,1.315482168,0.144892581,0.359226521,Q5T1M5,FKBP15,1,
Q9H6F5,-0.190152631,0.668822567,0.807334215,Q9H6F5,CCDC86,4,
P54819,0.935848058,0.112047111,0.304866537,P54819,AK2,1,
Q9UI47,0.393925225,0.074723482,0.24043916,Q9UI47,CTNNA3,1,
P02042,0.262621086,0.638273122,0.785877386,P02042,HBD,1,
Q15149,0.486337191,9.12608E-05,0.002538541,Q15149,PLEC,26,
Q9BZI7,-0.207095142,0.153085612,0.370614012,Q9BZI7,UPF3B,4,
Q53GQ0,-0.30821892,0.436643673,0.643400353,Q53GQ0,HSD17B12,1,
P49756,-0.005593935,0.53794481,0.713186599,P49756,RBM25,19,
Q96NC0,-0.9706039,0.342671207,0.564765732,Q96NC0,ZMAT2,1,
Q99615,0.972191633,0.180134854,0.40717049,Q99615,DNAJC7,1,
Q04637,0.62541887,0.0586569,0.210742839,Q04637,EIF4G1,2,
Q9BZF1,0.569358905,0.176445361,0.402610716,Q9BZF1,OSBPL8,1,
Q7L5D6,-0.176376065,0.549007744,0.720209389,Q7L5D6,GET4,1,
O43251-8,0.345949897,0.235950578,0.467442788,O43251,RBFOX2,3,
Q8IZL8,0.149346855,0.169375695,0.391185625,Q8IZL8,PELP1,3,
P26373,0.0432551,0.963841683,0.980385234,P26373,RPL13,11,
P13995,0.133486152,0.583482939,0.745361048,P13995,MTHFD2,2,
Q9H3F6,1.263674693,0.011098519,0.075636408,Q9H3F6,KCTD10,2,
Q8WWM7,0.676417332,0.225724525,0.457460338,Q8WWM7,ATXN2L,5,
Q9Y5B9,-0.367854097,0.104535796,0.292571436,Q9Y5B9,SUPT16H,29,
P35453,0.25274275,0.151974973,0.369896229,P35453,HOXD13,1,
Q9Y4I1,1.043112612,0.386352334,0.6003573,Q9Y4I1,MYO5A,1,
P14618,0.456772984,0.062302064,0.217535875,P14618,PKM,5,
P29692,0.147096921,0.800887583,0.884610839,P29692,EEF1D,1,
P53597,0.416953624,0.043423916,0.181554595,P53597,SUCLG1,1,
Q01831,0.375044386,0.322177138,0.545499924,Q01831,XPC,3,
Q9NNW5,0.869016812,0.001925943,0.025990694,Q9NNW5,WDR6,3,
Q9P013,-0.203864493,0.299781231,0.522709583,Q9P013,CWC15,1,
Q14789,0.878889681,0.006714896,0.057754508,Q14789,GOLGB1,5,
Q9Y6M1,0.535857213,0.001102802,0.016888985,Q9Y6M1,IGF2BP2,6,
P62829,0.17940744,0.669323304,0.807334215,P62829,RPL23,8,
Q5SW79,0.708820769,0.071961316,0.234918238,Q5SW79,CEP170,2,
P55084,0.238728754,0.313409771,0.535981828,P55084,HADHB,3,
Q96I24,0.325349099,0.072917118,0.236789231,Q96I24,FUBP3,6,
Q8TEM1,0.428722519,0.566282556,0.732724407,Q8TEM1,NUP210,1,
Q9UBU9,0.263712726,0.161304328,0.380481782,Q9UBU9,NXF1,6,
Q66PJ3,-0.199477217,0.16785054,0.38908212,Q66PJ3,ARL6IP4,1,
Q13123,0.168141643,0.050782144,0.202008143,Q13123,IK,11,
Q7Z2W4,0.095683402,0.320047723,0.543244142,Q7Z2W4,ZC3HAV1,3,
P18077,0.173992943,0.285486634,0.514706723,P18077,RPL35A,10,
Q08379,0.506840683,0.22922016,0.4608069,Q08379,GOLGA2,1,
P60709,0.145542984,0.198381607,0.42987938,P60709,ACTB,105,
Q99832,0.795850704,0.027803759,0.137805539,Q99832,CCT7,5,
Q9HCE1,0.589847123,0.005710944,0.05406919,Q9HCE1,MOV10,7,
Q13557-10,1.025174102,1.76713E-05,0.00063384,Q13557,CAMK2D,26,
Q5SRE5,0.931856435,0.000229416,0.005391266,Q5SRE5,NUP188,2,
O15514,0.626590035,0.239649128,0.471344533,O15514,POLR2D,1,
P62266,0.305462277,0.278024072,0.507932433,P62266,RPS23,10,
Q9P2E9,0.128812186,0.186210841,0.415393414,Q9P2E9,RRBP1,18,
Q8WXF0,0.021176237,0.750500187,0.851186316,Q8WXF0,SRSF12,5,
P47756-2,0.390799872,0.20982153,0.437958263,P47756,CAPZB,8,
P51532,-0.104712962,0.471511059,0.667481867,P51532,SMARCA4,8,
Q9BVJ6,-0.088973913,0.293907686,0.521674402,Q9BVJ6,UTP14A,5,
Q12769,0.300817721,0.073644474,0.238426172,Q12769,NUP160,2,
Q8WXH4-3,-0.372736173,0.066406449,0.22403958,Q8WXH4,ASB11,1,
Q5T5X7,-0.147157268,0.576386799,0.740373705,Q5T5X7,BEND3,3,
P0DP09,1.030264755,0.009661194,0.069755023,P0DP09,IGKV1-13,4,
Q9H0A0,-0.322798571,0.225877335,0.457460338,Q9H0A0,NAT10,5,
Q96MG7,0.797439226,0.069533799,0.230057178,Q96MG7,NSMCE3,2,
Q8IV04,0.692316979,0.097396737,0.286102914,Q8IV04,TBC1D10C,1,
O43290,-0.040554256,0.885194643,0.941199141,O43290,SART1,4,
Q14498,0.075244537,0.331096917,0.552407023,Q14498,RBM39,8,
P30876,0.631730886,0.086920333,0.264447354,P30876,POLR2B,2,
Q9NXE4,0.854656111,0.471595772,0.667481867,Q9NXE4,SMPD4,1,
O14802,0.294261551,0.184457225,0.41243834,O14802,POLR3A,1,
Q9NVI7-2,0.93192936,0.000186811,0.004629523,Q9NVI7,ATAD3A,19,
Q9UHV9,0.466294983,0.058748615,0.210742839,Q9UHV9,PFDN2,2,
P61221,0.707446354,0.061202824,0.216112563,P61221,ABCE1,1,
P23528,0.212587144,0.181604734,0.409135955,P23528,CFL1,9,
Q07955,-0.244525301,0.022807607,0.123296326,Q07955,SRSF1,65,
Q9UG63,-0.025347545,0.256922956,0.485694853,Q9UG63,ABCF2,3,
P18583-6,0.048166532,0.885265809,0.941199141,P18583,SON,21,
Q86YS7,0.689443638,0.001289293,0.019311059,Q86YS7,C2CD5,8,
Q8WXX5,0.024802726,0.582237068,0.745154107,Q8WXX5,DNAJC9,8,
P09622,0.323927595,0.704979675,0.824552906,P09622,DLD,2,
P31943,0.067269806,0.745540174,0.84893171,P31943,HNRNPH1,19,
P05549,-0.037047346,0.99124707,0.994164648,P05549,TFAP2A,2,
Q9NQB0,-1.376873143,0.056804112,0.210742839,Q9NQB0,TCF7L2,1,
Q9P035,-0.076121396,0.459199376,0.660744246,Q9P035,HACD3,6,
P08865,0.558409978,0.541503934,0.714491638,P08865,RPSA,1,
P62854,0.308332451,0.437541795,0.644027501,P62854,RPS26,2,
Q7RTY1,1.819357047,0.010605032,0.073373901,Q7RTY1,SLC16A9,2,
P23258,0.86847738,0.168324782,0.389518978,P23258,TUBG1,2,
Q9BQG0,-0.110025931,0.214809164,0.441291158,Q9BQG0,MYBBP1A,12,
P07237,0.311115862,0.284315279,0.513954543,P07237,P4HB,3,
P38432,0.078021577,0.200767509,0.431799555,P38432,COIL,4,
Q02543,0.060011761,0.26257935,0.49094054,Q02543,RPL18A,5,
Q02040,-0.275412775,0.462652404,0.662119176,Q02040,AKAP17A,2,
Q9P2I0,0.008726264,0.922509615,0.95848373,Q9P2I0,CPSF2,4,
Q6SPF0,-0.35256109,0.738328538,0.84355552,Q6SPF0,SAMD1,3,
Q9H9A7,0.552969624,0.092481359,0.276277555,Q9H9A7,RMI1,2,
Q92928,0.670631399,0.079817714,0.251747466,Q92928,RAB1C,3,
Q13573,-0.020587849,0.573231871,0.738304575,Q13573,SNW1,12,
Q96FZ2,-0.211653398,0.688008739,0.81786946,Q96FZ2,HMCES,1,
Q9UPN4,1.371929516,0.104027229,0.292348688,Q9UPN4,CEP131,2,
P26639,1.043947003,3.23736E-12,8.82504E-10,P26639,TARS,22,
Q96RL1,-0.980437251,0.10105023,0.287539589,Q96RL1,UIMC1,1,
Q9BYG3,-0.435145476,0.017300219,0.104337163,Q9BYG3,NIFK,1,
Q9NX63,0.7146133,6.48706E-05,0.001964859,Q9NX63,CHCHD3,8,
P06748,-0.275836281,0.105055906,0.292824539,P06748,NPM1,21,
Q8NEY8-2,-0.160144929,0.999568188,0.999568188,Q8NEY8,PPHLN1,12,
O43395,0.179888536,0.603844948,0.759262605,O43395,PRPF3,8,
Q96SB3,0.092866017,0.297969209,0.522709583,Q96SB3,PPP1R9B,5,
O95714,0.667575342,0.000251817,0.005720433,O95714,HERC2,11,
Q2M1P5,-0.212145758,0.973708479,0.985035374,Q2M1P5,KIF7,2,
Q9UNZ5,-0.22087848,0.438588773,0.644872166,Q9UNZ5,C19orf53,5,
Q12965,0.348777991,0.635203388,0.783143544,Q12965,MYO1E,1,
Q14126,0.658162585,0.029664142,0.144176687,Q14126,DSG2,4,
Q13247,-0.10854004,0.63547818,0.783143544,Q13247,SRSF6,27,
P14866,0.099621228,0.179132451,0.405577293,P14866,HNRNPL,35,
O43175,0.760099338,0.020926127,0.116894716,O43175,PHGDH,3,
Q02241,0.245725872,0.233603765,0.4654999,Q02241,KIF23,2,
Q9BPU6,-0.582293471,0.003888874,0.042746256,Q9BPU6,DPYSL5,1,
O75431,0.222664538,0.875733669,0.934779032,O75431,MTX2,1,
P17480,-0.38720713,0.004105674,0.04468236,P17480,UBTF,11,
Q8N684,1.008223,0.010360119,0.072414579,Q8N684,CPSF7,2,
P12004,0.118635392,0.950850448,0.975910513,P12004,PCNA,4,
Q5T9S5,0.72556584,0.031273733,0.147495151,Q5T9S5,CCDC18,1,
P62241,0.208723964,0.136956909,0.348269156,P62241,RPS8,10,
Q8N9N5,-0.552884131,0.069238617,0.230057178,Q8N9N5,BANP,8,
P55209,0.270980827,0.038611744,0.171963855,P55209,NAP1L1,3,
P50990,1.092053533,0.000858427,0.014096824,P50990,CCT8,2,
Q08211,0.048121573,0.23245233,0.463883639,Q08211,DHX9,62,
P35232,0.676642402,0.001227431,0.018588764,P35232,PHB,11,
Q9NR28,1.052803384,0.210649543,0.43819989,Q9NR28,DIABLO,1,
P82930,0.715680173,0.027271711,0.13615876,P82930,MRPS34,1,
Q96KR1,0.21047723,0.674112108,0.809528461,Q96KR1,ZFR,4,
P07197,0.525178993,0.014230985,0.089022248,P07197,NEFM,5,
Q12906-7,-0.019404887,0.467537287,0.664497729,Q12906,ILF3,36,
P12956,-0.809205545,7.80968E-11,1.18273E-08,P12956,XRCC6,74,
Q9UPW6,0.012452609,0.978725392,0.987418734,Q9UPW6,SATB2,1,
Q9BXP5,0.020569254,0.976927489,0.987066099,Q9BXP5,SRRT,15,
O75400,0.100230929,0.097288555,0.286102914,O75400,PRPF40A,20,
P50402,-0.47007811,0.024288891,0.125877406,P50402,EMD,18,
O00712,0,1,1,O00712,NFIB,30,
P09234,0.462577882,0.10747321,0.297131817,P09234,SNRPC,3,
Q01130,-0.401387008,0.006618807,0.057754508,Q01130,SRSF2,7,
P00558,0.887695635,0.086819858,0.264447354,P00558,PGK1,3,
P42704,0.991702394,0.000321145,0.006734153,P42704,LRPPRC,7,
P28288,1.86863586,8.43558E-15,1.14977E-11,P28288,ABCD3,27,
Q13595,-0.227149345,0.610963099,0.762896931,Q13595,TRA2A,12,
P11586,0.85458029,0.287065573,0.516187832,P11586,MTHFD1,1,
P12236,0.558829505,0.072965134,0.236789231,P12236,SLC25A6,12,
P39019,0.339066241,0.038262039,0.171549865,P39019,RPS19,11,
P01593,1.866930792,0.012749337,0.082357094,P01593,IGKV1D-33,1,
O14880,0.727715431,0.246705958,0.47764236,O14880,MGST3,1,
Q92878,-0.451406064,0.267684175,0.49639936,Q92878,RAD50,2,
P01859,5.310992901,0.065894896,0.222865367,P01859,IGHG2,11,
P17544,-0.446620229,0.262432264,0.49094054,P17544,ATF7,1,
Q13618,0.690145523,0.092908822,0.276495032,Q13618,CUL3,1,
P62277,0.166384343,0.543471551,0.716394317,P62277,RPS13,9,
P09651,0.087497754,0.238450479,0.470344433,P09651,HNRNPA1,43,
P07437,0.549637672,0.061709562,0.216651453,P07437,TUBB,20,
Q09161,-0.150907003,0.418632365,0.630654764,Q09161,NCBP1,12,
P54132,0.096513371,0.473935481,0.668288957,P54132,BLM,3,
P18583,-0.036174553,0.363333292,0.580566561,P18583,SON,26,
P46777,0.149498629,0.556474891,0.725813661,P46777,RPL5,7,
P14868,0.39223876,0.006522363,0.057754508,P14868,DARS,4,
Q8IW35,0.781029648,0.422996388,0.634261911,Q8IW35,CEP97,1,
P24928,0.314338273,0.20810353,0.436928155,P24928,POLR2A,5,
Q99459,0.059448716,0.250786175,0.480080163,Q99459,CDC5L,17,
Q3ZCQ8,0.673964058,0.057879341,0.210742839,Q3ZCQ8,TIMM50,1,
P82933,0.227222777,0.162573062,0.381389129,P82933,MRPS9,2,
Q9BZJ0,-0.152268133,0.294709677,0.521674402,Q9BZJ0,CRNKL1,12,
Q7Z406,0.412591039,0.277212293,0.507932433,Q7Z406,MYH14,16,
Q9NW13,0.256226899,0.249075372,0.478828959,Q9NW13,RBM28,3,
O94832,0.613979765,0.089578433,0.269526279,O94832,MYO1D,4,
P22314,0.20519545,0.025942172,0.132431388,P22314,UBA1,3,
Q9UDY2,0.308243597,0.128096824,0.333198419,Q9UDY2,TJP2,3,
Q13951,-0.373200014,0.391636166,0.603846261,Q13951,CBFB,1,
Q8NC51,0.267590377,0.074795454,0.24043916,Q8NC51,SERBP1,11,
Q14165,0.171863034,0.618026081,0.768585354,Q14165,MLEC,1,
Q9Y265,-0.218415816,0.338375117,0.560395243,Q9Y265,RUVBL1,8,